Compiler version,arm-linux-gnueabihf-gcc (Linaro GCC 7.5-2019.12) 7.5.0
Compiler flags,-O2 -mfpu=vfpv3-d16 --machine=thumb -mtune=cortex-a9 -march=armv7-a --sysroot=/home/pz/riscvws/toolchainbin/arm-gcc-linaro/arm/sysroot-glibc-linaro-2.25-2019.12-arm-linux-gnueabihf -I/home/pz/riscvws/toolchainbin/arm-gcc-linaro/arm/sysroot-glibc-linaro-2.25-2019.12-arm-linux-gnueabihfusr/include/

Date,2020-06-15

zlib-1.1.4,adler32.c.obj,288
zlib-1.1.4,compress.c.obj,130
zlib-1.1.4,crc32.c.obj,1288
zlib-1.1.4,deflate.c.obj,4769
zlib-1.1.4,example.c.obj,4280
zlib-1.1.4,gzio.c.obj,2847
zlib-1.1.4,infblock.c.obj,2378
zlib-1.1.4,infcodes.c.obj,1546
zlib-1.1.4,inffast.c.obj,832
zlib-1.1.4,inflate.c.obj,1513
zlib-1.1.4,inftrees.c.obj,2216
zlib-1.1.4,infutil.c.obj,228
zlib-1.1.4,minigzip.c.obj,1029
zlib-1.1.4,trees.c.obj,8052
zlib-1.1.4,uncompr.c.obj,106
zlib-1.1.4,zutil.c.obj,185
libpng-1.2.5,png2pnm.c.obj,2542
libpng-1.2.5,png.c.obj,2580
libpng-1.2.5,pngerror.c.obj,916
libpng-1.2.5,pngget.c.obj,2406
libpng-1.2.5,pngmem.c.obj,418
libpng-1.2.5,pngpread.c.obj,6058
libpng-1.2.5,pngread.c.obj,7426
libpng-1.2.5,pngrio.c.obj,298
libpng-1.2.5,pngrtran.c.obj,16374
libpng-1.2.5,pngrutil.c.obj,15127
libpng-1.2.5,pngset.c.obj,5258
libpng-1.2.5,pngtest.c.obj,5805
libpng-1.2.5,pngtrans.c.obj,1260
libpng-1.2.5,pngwio.c.obj,321
libpng-1.2.5,pngwrite.c.obj,5458
libpng-1.2.5,pngwtran.c.obj,1584
libpng-1.2.5,pngwutil.c.obj,11618
libpng-1.2.5,pnm2png.c.obj,2838
mpgcut-1.1,mpgcut.c.obj,19212
jikespg-1.3,ctabs.c.obj,49555
jikespg-1.3,globals.c.obj,48
jikespg-1.3,lpgparse.c.obj,46879
jikespg-1.3,lpgutil.c.obj,4421
jikespg-1.3,main.c.obj,6410
jikespg-1.3,mkfirst.c.obj,14207
jikespg-1.3,mkred.c.obj,6451
jikespg-1.3,mkstates.c.obj,2795
jikespg-1.3,partset.c.obj,1603
jikespg-1.3,prntstat.c.obj,3431
jikespg-1.3,produce.c.obj,10456
jikespg-1.3,ptables.c.obj,3212
jikespg-1.3,remsp.c.obj,6971
jikespg-1.3,resolve.c.obj,11090
jikespg-1.3,spacetab.c.obj,19341
jikespg-1.3,tabutil.c.obj,12664
jikespg-1.3,timetab.c.obj,9068
bzip2-1.0.2,blocksort.c.obj,5684
bzip2-1.0.2,bzip2.c.obj,16597
bzip2-1.0.2,bzip2recover.c.obj,3474
bzip2-1.0.2,bzlib.c.obj,9288
bzip2-1.0.2,compress.c.obj,12566
bzip2-1.0.2,crctable.c.obj,0
bzip2-1.0.2,decompress.c.obj,7871
bzip2-1.0.2,huffman.c.obj,1060
bzip2-1.0.2,randtable.c.obj,0
unrarlib-0.4.0,getfile.c.obj,768
unrarlib-0.4.0,listarchive.c.obj,978
unrarlib-0.4.0,unrarlib.c.obj,11500
cg_compiler_opensrc,atom.c.obj,3120
cg_compiler_opensrc,binding.c.obj,1539
cg_compiler_opensrc,cgcmain.c.obj,2199
cg_compiler_opensrc,cgstruct.c.obj,84
cg_compiler_opensrc,check.c.obj,2823
cg_compiler_opensrc,compile.c.obj,11631
cg_compiler_opensrc,constfold.c.obj,3084
cg_compiler_opensrc,cpp.c.obj,5397
cg_compiler_opensrc,generic_hal.c.obj,1523
cg_compiler_opensrc,hal.c.obj,2176
cg_compiler_opensrc,inline.c.obj,2356
cg_compiler_opensrc,memory.c.obj,424
cg_compiler_opensrc,parser.c.obj,14590
cg_compiler_opensrc,printutils.c.obj,10772
cg_compiler_opensrc,scanner.c.obj,5412
cg_compiler_opensrc,semantic.c.obj,3836
cg_compiler_opensrc,stdlib.c.obj,10
cg_compiler_opensrc,support.c.obj,20769
cg_compiler_opensrc,support_iter.c.obj,1597
cg_compiler_opensrc,symbols.c.obj,5599
cg_compiler_opensrc,tokenize.c.obj,600
cg_compiler_opensrc,tokens.c.obj,2570
flex-2.5.31,buf.c.obj,840
flex-2.5.31,ccl.c.obj,836
flex-2.5.31,dfa.c.obj,6342
flex-2.5.31,ecs.c.obj,608
flex-2.5.31,filter.c.obj,2079
flex-2.5.31,gen.c.obj,25426
flex-2.5.31,libmain.c.obj,12
flex-2.5.31,libyywrap.c.obj,4
flex-2.5.31,main.c.obj,18341
flex-2.5.31,misc.c.obj,5570
flex-2.5.31,nfa.c.obj,3643
flex-2.5.31,options.c.obj,1387
flex-2.5.31,parse.c.obj,9272
flex-2.5.31,regex.c.obj,431
flex-2.5.31,scan.c.obj,41325
flex-2.5.31,scanopt.c.obj,3078
flex-2.5.31,skel.c.obj,82419
flex-2.5.31,sym.c.obj,774
flex-2.5.31,tables.c.obj,1802
flex-2.5.31,tables_shared.c.obj,24
flex-2.5.31,tblcmp.c.obj,3632
flex-2.5.31,yylex.c.obj,917
compiler,cg.c.obj,2382
compiler,main.c.obj,2560
compiler,parser.c.obj,3878
compiler,scanner.c.obj,3035
compiler,vam.c.obj,5824
compiler,vas.c.obj,5684
lwip-0.5.3.preproc,api_lib.o,5147
lwip-0.5.3.preproc,api_msg.o,4332
lwip-0.5.3.preproc,arp.o,2424
lwip-0.5.3.preproc,err.o,0
lwip-0.5.3.preproc,fs.o,40271
lwip-0.5.3.preproc,httpd.o,1614
lwip-0.5.3.preproc,icmp.o,1693
lwip-0.5.3.preproc,inet.o,946
lwip-0.5.3.preproc,ip_addr.o,0
lwip-0.5.3.preproc,ip.o,2968
lwip-0.5.3.preproc,loopif.o,313
lwip-0.5.3.preproc,mem.o,2133
lwip-0.5.3.preproc,memp.o,2054
lwip-0.5.3.preproc,netif.o,798
lwip-0.5.3.preproc,pbuf.o,3367
lwip-0.5.3.preproc,shell.o,12497
lwip-0.5.3.preproc,simhost.o,722
lwip-0.5.3.preproc,simnode.o,659
lwip-0.5.3.preproc,simrouter.o,844
lwip-0.5.3.preproc,sockets.o,2686
lwip-0.5.3.preproc,stats.o,78
lwip-0.5.3.preproc,sys.o,1044
lwip-0.5.3.preproc,tcpdump.o,1993
lwip-0.5.3.preproc,tcpecho.o,332
lwip-0.5.3.preproc,tcp_input.o,10939
lwip-0.5.3.preproc,tcpip.o,706
lwip-0.5.3.preproc,tcp.o,6733
lwip-0.5.3.preproc,tcp_output.o,5832
lwip-0.5.3.preproc,udpecho.o,394
lwip-0.5.3.preproc,udp.o,2607
OpenTCP-1.0.4,arp.c.obj,1860
OpenTCP-1.0.4,bootp.c.obj,1152
OpenTCP-1.0.4,dhcpc.c.obj,2932
OpenTCP-1.0.4,dns.c.obj,1172
OpenTCP-1.0.4,ethernet.c.obj,1176
OpenTCP-1.0.4,https_callbacks.c.obj,660
OpenTCP-1.0.4,http_server.c.obj,2040
OpenTCP-1.0.4,icmp.c.obj,276
OpenTCP-1.0.4,ip.c.obj,1444
OpenTCP-1.0.4,main_demo.c.obj,232
OpenTCP-1.0.4,pop3c_callbacks.c.obj,32
OpenTCP-1.0.4,pop3_client.c.obj,3253
OpenTCP-1.0.4,smtpc_callbacks.c.obj,32
OpenTCP-1.0.4,smtp_client.c.obj,1876
OpenTCP-1.0.4,system.c.obj,872
OpenTCP-1.0.4,tcp_client_demo.c.obj,336
OpenTCP-1.0.4,tcp.c.obj,4492
OpenTCP-1.0.4,tcp_server_demo.c.obj,528
OpenTCP-1.0.4,tftps.c.obj,644
OpenTCP-1.0.4,timers.c.obj,200
OpenTCP-1.0.4,udp.c.obj,1204
OpenTCP-1.0.4,udp_demo.c.obj,204
teem-1.6.0-src,1op.c.obj,1758
teem-1.6.0-src,2op.c.obj,2276
teem-1.6.0-src,3op.c.obj,2413
teem-1.6.0-src,754.c.obj,1567
teem-1.6.0-src,about.c.obj,2743
teem-1.6.0-src,accessors.c.obj,5106
teem-1.6.0-src,aniso.c.obj,3022
teem-1.6.0-src,apply1D.c.obj,7163
teem-1.6.0-src,arith.c.obj,4787
teem-1.6.0-src,array.c.obj,448
teem-1.6.0-src,arraysNrrd.c.obj,0
teem-1.6.0-src,ax.c.obj,2609
teem-1.6.0-src,axdelete.c.obj,1523
teem-1.6.0-src,axinfo.c.obj,1500
teem-1.6.0-src,axinsert.c.obj,1179
teem-1.6.0-src,axis.c.obj,2280
teem-1.6.0-src,axmerge.c.obj,1437
teem-1.6.0-src,axsplit.c.obj,1193
teem-1.6.0-src,bday.c.obj,1021
teem-1.6.0-src,biff.c.obj,2345
teem-1.6.0-src,bimod.c.obj,4653
teem-1.6.0-src,block.c.obj,1175
teem-1.6.0-src,bounds.c.obj,4299
teem-1.6.0-src,bow.c.obj,605
teem-1.6.0-src,cam.c.obj,3443
teem-1.6.0-src,ccadj.c.obj,1229
teem-1.6.0-src,cc.c.obj,11473
teem-1.6.0-src,ccfind.c.obj,1806
teem-1.6.0-src,ccmerge.c.obj,2768
teem-1.6.0-src,ccmethods.c.obj,1151
teem-1.6.0-src,ccsettle.c.obj,1126
teem-1.6.0-src,chan.c.obj,7354
teem-1.6.0-src,clip.c.obj,730
teem-1.6.0-src,cmedian.c.obj,2665
teem-1.6.0-src,color.c.obj,5157
teem-1.6.0-src,comment.c.obj,463
teem-1.6.0-src,conv.c.obj,401
teem-1.6.0-src,convert.c.obj,1212
teem-1.6.0-src,convertDye.c.obj,2955
teem-1.6.0-src,convertNrrd.c.obj,2312
teem-1.6.0-src,convo.c.obj,1916
teem-1.6.0-src,coreAlan.c.obj,3744
teem-1.6.0-src,crop.c.obj,1520
teem-1.6.0-src,ctx.c.obj,4382
teem-1.6.0-src,cubicEll.c.obj,1006
teem-1.6.0-src,data.c.obj,1319
teem-1.6.0-src,defaultsBane.c.obj,5
teem-1.6.0-src,defaultsGage.c.obj,5
teem-1.6.0-src,defaultsHest.c.obj,0
teem-1.6.0-src,defaultsHoover.c.obj,7
teem-1.6.0-src,defaultsLimn.c.obj,5
teem-1.6.0-src,defaultsMite.c.obj,5
teem-1.6.0-src,defaultsMoss.c.obj,5
teem-1.6.0-src,defaultsNrrd.c.obj,676
teem-1.6.0-src,defaultsTen.c.obj,16
teem-1.6.0-src,dehex.c.obj,858
teem-1.6.0-src,dhisto.c.obj,1402
teem-1.6.0-src,dice.c.obj,2044
teem-1.6.0-src,dio.c.obj,1860
teem-1.6.0-src,doubleprint.c.obj,629
teem-1.6.0-src,eigen.c.obj,2468
teem-1.6.0-src,encodingAscii.c.obj,1509
teem-1.6.0-src,encodingBzip2.c.obj,521
teem-1.6.0-src,encoding.c.obj,615
teem-1.6.0-src,encodingGzip.c.obj,596
teem-1.6.0-src,encodingHex.c.obj,1581
teem-1.6.0-src,encodingRaw.c.obj,1971
teem-1.6.0-src,endianAir.c.obj,4
teem-1.6.0-src,endianNrrd.c.obj,369
teem-1.6.0-src,enhex.c.obj,757
teem-1.6.0-src,enum.c.obj,724
teem-1.6.0-src,enumsAlan.c.obj,0
teem-1.6.0-src,enumsEcho.c.obj,0
teem-1.6.0-src,enumsNrrd.c.obj,0
teem-1.6.0-src,enumsTen.c.obj,0
teem-1.6.0-src,env.c.obj,1120
teem-1.6.0-src,epireg.c.obj,13061
teem-1.6.0-src,ex0.c.obj,458
teem-1.6.0-src,ex1.c.obj,1154
teem-1.6.0-src,ex2.c.obj,1036
teem-1.6.0-src,ex3.c.obj,1608
teem-1.6.0-src,ex4.c.obj,1149
teem-1.6.0-src,ex5.c.obj,844
teem-1.6.0-src,fiber.c.obj,3054
teem-1.6.0-src,fiberMethods.c.obj,2651
teem-1.6.0-src,filt.c.obj,5496
teem-1.6.0-src,filter.c.obj,2778
teem-1.6.0-src,flip.c.obj,879
teem-1.6.0-src,floatprint.c.obj,633
teem-1.6.0-src,flotsam.c.obj,2627
teem-1.6.0-src,format.c.obj,633
teem-1.6.0-src,formatEPS.c.obj,2229
teem-1.6.0-src,formatNRRD.c.obj,3709
teem-1.6.0-src,formatPNG.c.obj,681
teem-1.6.0-src,formatPNM.c.obj,2885
teem-1.6.0-src,formatText.c.obj,2843
teem-1.6.0-src,formatVTK.c.obj,5569
teem-1.6.0-src,fp.c.obj,1632
teem-1.6.0-src,gamma.c.obj,1406
teem-1.6.0-src,genmat.c.obj,2742
teem-1.6.0-src,genvol.c.obj,1491
teem-1.6.0-src,gkmsFlotsam.c.obj,2039
teem-1.6.0-src,gkmsHvol.c.obj,2906
teem-1.6.0-src,gkmsInfo.c.obj,1365
teem-1.6.0-src,gkmsMite.c.obj,1185
teem-1.6.0-src,gkmsOpac.c.obj,3276
teem-1.6.0-src,gkmsPvg.c.obj,2582
teem-1.6.0-src,gkmsScat.c.obj,1567
teem-1.6.0-src,gkmsTxf.c.obj,2841
teem-1.6.0-src,glyph.c.obj,4672
teem-1.6.0-src,gzio.c.obj,0
teem-1.6.0-src,head.c.obj,1414
teem-1.6.0-src,heq.c.obj,2163
teem-1.6.0-src,hestLimn.c.obj,1088
teem-1.6.0-src,hestMoss.c.obj,1061
teem-1.6.0-src,hestNrrd.c.obj,1109
teem-1.6.0-src,histax.c.obj,1417
teem-1.6.0-src,histo.c.obj,1593
teem-1.6.0-src,histogram.c.obj,5943
teem-1.6.0-src,hvol.c.obj,6668
teem-1.6.0-src,imap.c.obj,2600
teem-1.6.0-src,inc.c.obj,2533
teem-1.6.0-src,inset.c.obj,1477
teem-1.6.0-src,intx.c.obj,7443
teem-1.6.0-src,invert.c.obj,715
teem-1.6.0-src,io.c.obj,748
teem-1.6.0-src,iter.c.obj,555
teem-1.6.0-src,jhisto.c.obj,2787
teem-1.6.0-src,join.c.obj,1551
teem-1.6.0-src,kernel.c.obj,14136
teem-1.6.0-src,keyvalue.c.obj,787
teem-1.6.0-src,kv.c.obj,381
teem-1.6.0-src,light.c.obj,608
teem-1.6.0-src,lightEcho.c.obj,513
teem-1.6.0-src,list.c.obj,1232
teem-1.6.0-src,lut.c.obj,2147
teem-1.6.0-src,make.c.obj,6931
teem-1.6.0-src,map.c.obj,296
teem-1.6.0-src,mat.c.obj,10624
teem-1.6.0-src,matter.c.obj,320
teem-1.6.0-src,measr.c.obj,298
teem-1.6.0-src,measure.c.obj,7128
teem-1.6.0-src,methodsAlan.c.obj,2097
teem-1.6.0-src,methodsBane.c.obj,620
teem-1.6.0-src,methodsDye.c.obj,1196
teem-1.6.0-src,methodsEcho.c.obj,521
teem-1.6.0-src,methodsHest.c.obj,2270
teem-1.6.0-src,methodsHoover.c.obj,1687
teem-1.6.0-src,methodsLimn.c.obj,276
teem-1.6.0-src,methodsMoss.c.obj,1027
teem-1.6.0-src,methodsNrrd.c.obj,4015
teem-1.6.0-src,minmax.c.obj,1138
teem-1.6.0-src,miscAir.c.obj,3532
teem-1.6.0-src,miscEll.c.obj,1048
teem-1.6.0-src,miscGage.c.obj,676
teem-1.6.0-src,miscTen.c.obj,3383
teem-1.6.0-src,mod.c.obj,2941
teem-1.6.0-src,model.c.obj,864
teem-1.6.0-src,mop.c.obj,1051
teem-1.6.0-src,obj.c.obj,724
teem-1.6.0-src,objmethods.c.obj,1104
teem-1.6.0-src,opac.c.obj,492
teem-1.6.0-src,pad.c.obj,1910
teem-1.6.0-src,parseAir.c.obj,1363
teem-1.6.0-src,parseHest.c.obj,12735
teem-1.6.0-src,parseNrrd.c.obj,6008
teem-1.6.0-src,permute.c.obj,1099
teem-1.6.0-src,pos.c.obj,588
teem-1.6.0-src,print.c.obj,7145
teem-1.6.0-src,project.c.obj,1974
teem-1.6.0-src,pvl.c.obj,1417
teem-1.6.0-src,qn.c.obj,2087
teem-1.6.0-src,quadvol.c.obj,1519
teem-1.6.0-src,quantize.c.obj,1698
teem-1.6.0-src,quat.c.obj,8033
teem-1.6.0-src,rangeBane.c.obj,811
teem-1.6.0-src,range.c.obj,572
teem-1.6.0-src,ray.c.obj,2635
teem-1.6.0-src,rays.c.obj,2369
teem-1.6.0-src,read.c.obj,2809
teem-1.6.0-src,renderEcho.c.obj,4037
teem-1.6.0-src,renderLimn.c.obj,3186
teem-1.6.0-src,renderMite.c.obj,1108
teem-1.6.0-src,reorder.c.obj,9268
teem-1.6.0-src,resample.c.obj,3524
teem-1.6.0-src,resampleNrrd.c.obj,6091
teem-1.6.0-src,reshape.c.obj,1053
teem-1.6.0-src,rmap.c.obj,2587
teem-1.6.0-src,sampler.c.obj,2166
teem-1.6.0-src,sane.c.obj,3107
teem-1.6.0-src,save.c.obj,3033
teem-1.6.0-src,scat.c.obj,740
teem-1.6.0-src,sclanswer.c.obj,4327
teem-1.6.0-src,scl.c.obj,0
teem-1.6.0-src,sclfilter.c.obj,6539
teem-1.6.0-src,sclprint.c.obj,909
teem-1.6.0-src,set.c.obj,728
teem-1.6.0-src,shape.c.obj,2716
teem-1.6.0-src,shapes.c.obj,3212
teem-1.6.0-src,shuffle.c.obj,1776
teem-1.6.0-src,sigma.c.obj,172
teem-1.6.0-src,simple.c.obj,4537
teem-1.6.0-src,slice.c.obj,1340
teem-1.6.0-src,soid.c.obj,4061
teem-1.6.0-src,sort3.c.obj,698
teem-1.6.0-src,splice.c.obj,1485
teem-1.6.0-src,splineEval.c.obj,3793
teem-1.6.0-src,splineMethods.c.obj,4605
teem-1.6.0-src,splineMisc.c.obj,2494
teem-1.6.0-src,sqd.c.obj,4291
teem-1.6.0-src,st.c.obj,3016
teem-1.6.0-src,string.c.obj,952
teem-1.6.0-src,strings.c.obj,1140
teem-1.6.0-src,stub.c.obj,40
teem-1.6.0-src,subset.c.obj,2683
teem-1.6.0-src,superset.c.obj,4998
teem-1.6.0-src,swap.c.obj,919
teem-1.6.0-src,tbc.c.obj,1724
teem-1.6.0-src,tblah.c.obj,1019
teem-1.6.0-src,tcamanim.c.obj,3388
teem-1.6.0-src,tcam.c.obj,1226
teem-1.6.0-src,tem.c.obj,1071
teem-1.6.0-src,tendAnhist.c.obj,1252
teem-1.6.0-src,tendAnplot.c.obj,1733
teem-1.6.0-src,tendAnscale.c.obj,1460
teem-1.6.0-src,tendAnvol.c.obj,1576
teem-1.6.0-src,tendBmat.c.obj,1399
teem-1.6.0-src,tendEllipse.c.obj,2344
teem-1.6.0-src,tendEpireg.c.obj,4641
teem-1.6.0-src,tendEstim.c.obj,4060
teem-1.6.0-src,tendEvaladd.c.obj,1042
teem-1.6.0-src,tendEvalclamp.c.obj,1336
teem-1.6.0-src,tendEval.c.obj,1871
teem-1.6.0-src,tendEvalpow.c.obj,955
teem-1.6.0-src,tendEvec.c.obj,1912
teem-1.6.0-src,tendEvecrgb.c.obj,2007
teem-1.6.0-src,tendEvq.c.obj,2268
teem-1.6.0-src,tendExpand.c.obj,1531
teem-1.6.0-src,tendFiber.c.obj,2703
teem-1.6.0-src,tendFlotsam.c.obj,1343
teem-1.6.0-src,tendGlyph.c.obj,7079
teem-1.6.0-src,tendMake.c.obj,1036
teem-1.6.0-src,tendNorm.c.obj,1380
teem-1.6.0-src,tendPoint.c.obj,1674
teem-1.6.0-src,tendSatin.c.obj,4514
teem-1.6.0-src,tendShrink.c.obj,1004
teem-1.6.0-src,tendSim.c.obj,1436
teem-1.6.0-src,tendSlice.c.obj,1095
teem-1.6.0-src,tendSten.c.obj,1425
teem-1.6.0-src,tenGage.c.obj,2493
teem-1.6.0-src,tensor.c.obj,5393
teem-1.6.0-src,test.c.obj,237
teem-1.6.0-src,tg.c.obj,1834
teem-1.6.0-src,threadAir.c.obj,947
teem-1.6.0-src,thread.c.obj,272
teem-1.6.0-src,tinfo.c.obj,535
teem-1.6.0-src,tkernel.c.obj,1687
teem-1.6.0-src,tline.c.obj,421
teem-1.6.0-src,tmfKernel.c.obj,76457
teem-1.6.0-src,tmop.c.obj,567
teem-1.6.0-src,tok.c.obj,296
teem-1.6.0-src,tps.c.obj,3108
teem-1.6.0-src,tq.c.obj,3905
teem-1.6.0-src,trand.c.obj,153
teem-1.6.0-src,transform.c.obj,2090
teem-1.6.0-src,tread.c.obj,296
teem-1.6.0-src,trend.c.obj,6905
teem-1.6.0-src,trex.c.obj,358
teem-1.6.0-src,trnsf.c.obj,4401
teem-1.6.0-src,tspline.c.obj,2107
teem-1.6.0-src,tspot.c.obj,923
teem-1.6.0-src,tt.c.obj,1952
teem-1.6.0-src,txf.c.obj,3454
teem-1.6.0-src,typestest.c.obj,413
teem-1.6.0-src,unblock.c.obj,1215
teem-1.6.0-src,unquantize.c.obj,1206
teem-1.6.0-src,update.c.obj,4895
teem-1.6.0-src,usage.c.obj,3114
teem-1.6.0-src,user.c.obj,846
teem-1.6.0-src,valid.c.obj,2267
teem-1.6.0-src,vecEll.c.obj,964
teem-1.6.0-src,vecGage.c.obj,2539
teem-1.6.0-src,vecprint.c.obj,56
teem-1.6.0-src,winKernel.c.obj,10152
teem-1.6.0-src,write.c.obj,4093
teem-1.6.0-src,xform.c.obj,2604
mpeg2dec-0.3.1,alloc.c.obj,88
mpeg2dec-0.3.1,cpu_accel.c.obj,4
mpeg2dec-0.3.1,cpu_state.c.obj,4
mpeg2dec-0.3.1,decode.c.obj,2120
mpeg2dec-0.3.1,extract_mpeg2.c.obj,3303
mpeg2dec-0.3.1,getopt.c.obj,0
mpeg2dec-0.3.1,gettimeofday.c.obj,0
mpeg2dec-0.3.1,header.c.obj,3272
mpeg2dec-0.3.1,idct_alpha.c.obj,0
mpeg2dec-0.3.1,idct_altivec.c.obj,0
mpeg2dec-0.3.1,idct.c.obj,2128
mpeg2dec-0.3.1,idct_mlib.c.obj,0
mpeg2dec-0.3.1,idct_mmx.c.obj,0
mpeg2dec-0.3.1,motion_comp_alpha.c.obj,0
mpeg2dec-0.3.1,motion_comp_altivec.c.obj,0
mpeg2dec-0.3.1,motion_comp.c.obj,4664
mpeg2dec-0.3.1,motion_comp_mlib.c.obj,0
mpeg2dec-0.3.1,motion_comp_mmx.c.obj,0
mpeg2dec-0.3.1,mpeg2dec.c.obj,4311
mpeg2dec-0.3.1,slice.c.obj,19744
mpeg2dec-0.3.1,video_out.c.obj,80
mpeg2dec-0.3.1,video_out_dx.c.obj,0
mpeg2dec-0.3.1,video_out_null.c.obj,192
mpeg2dec-0.3.1,video_out_pgm.c.obj,401
mpeg2dec-0.3.1,video_out_sdl.c.obj,683
mpeg2dec-0.3.1,video_out_x11.c.obj,0
mpeg2dec-0.3.1,yuv2rgb.c.obj,4044
mpeg2dec-0.3.1,yuv2rgb_mlib.c.obj,0
mpeg2dec-0.3.1,yuv2rgb_mmx.c.obj,0
ttt-0.10.1.preproc,connect4.o,7569
ttt-0.10.1.preproc,engine.o,3992
ttt-0.10.1.preproc,main.o,1907
ttt-0.10.1.preproc,parse.o,2646
ttt-0.10.1.preproc,ttt.o,10373
ttt-0.10.1.preproc,util.o,2501
replaypc-0.4.0.preproc,addressbook.o,1183
replaypc-0.4.0.preproc,bigfile.o,681
replaypc-0.4.0.preproc,build-ndx.o,1000
replaypc-0.4.0.preproc,cg.o,3613
replaypc-0.4.0.preproc,channelset.o,385
replaypc-0.4.0.preproc,crypt.o,1496
replaypc-0.4.0.preproc,crypt-test.o,2398
replaypc-0.4.0.preproc,dump-addressbook.o,788
replaypc-0.4.0.preproc,dump-cg2.o,734
replaypc-0.4.0.preproc,dump-channelset.o,624
replaypc-0.4.0.preproc,dump-filedarray.o,824
replaypc-0.4.0.preproc,dump-guide.o,973
replaypc-0.4.0.preproc,dump-headend.o,597
replaypc-0.4.0.preproc,dump.o,2649
replaypc-0.4.0.preproc,dump-programset.o,1005
replaypc-0.4.0.preproc,dump-replaychannels.o,531
replaypc-0.4.0.preproc,dump-replayshows.o,526
replaypc-0.4.0.preproc,dump-zipcode2.o,526
replaypc-0.4.0.preproc,filedarray.o,434
replaypc-0.4.0.preproc,find-GOPs.o,518
replaypc-0.4.0.preproc,guideclient.o,1230
replaypc-0.4.0.preproc,guide.o,10278
replaypc-0.4.0.preproc,headend.o,1386
replaypc-0.4.0.preproc,httpclient.o,4659
replaypc-0.4.0.preproc,httpfsclient.o,3904
replaypc-0.4.0.preproc,httpfs.o,9409
replaypc-0.4.0.preproc,mark-commercial.o,2768
replaypc-0.4.0.preproc,ndx-dump.o,5679
replaypc-0.4.0.preproc,ndx.o,913
replaypc-0.4.0.preproc,program.o,2993
replaypc-0.4.0.preproc,rddnsclient.o,1870
replaypc-0.4.0.preproc,rddns.o,948
replaypc-0.4.0.preproc,ReplayPC.o,6092
replaypc-0.4.0.preproc,rtvguide.o,2019
replaypc-0.4.0.preproc,rtv.o,1810
replaypc-0.4.0.preproc,sleep.o,90
replaypc-0.4.0.preproc,un-protect.o,1654
replaypc-0.4.0.preproc,version-test.o,279
replaypc-0.4.0.preproc,zipcode.o,611
