Compiler version,riscv64-unknown-elf-gcc (GCC) 9.2.0
Compiler flags,-O3 -Os -march=rv64imafdc

Date,2020-06-09

jpeg-6b,ansi2knr.c.obj,2564
jpeg-6b,cdjpeg.c.obj,104
jpeg-6b,cjpeg.c.obj,6127
jpeg-6b,ckconfig.c.obj,2420
jpeg-6b,djpeg.c.obj,6723
jpeg-6b,jcapimin.c.obj,754
jpeg-6b,jcapistd.c.obj,450
jpeg-6b,jccoefct.c.obj,1582
jpeg-6b,jccolor.c.obj,1482
jpeg-6b,jcdctmgr.c.obj,1474
jpeg-6b,jchuff.c.obj,3310
jpeg-6b,jcinit.c.obj,188
jpeg-6b,jcmainct.c.obj,366
jpeg-6b,jcmarker.c.obj,2108
jpeg-6b,jcmaster.c.obj,2510
jpeg-6b,jcomapi.c.obj,134
jpeg-6b,jcparam.c.obj,2981
jpeg-6b,jcphuff.c.obj,2684
jpeg-6b,jcprepct.c.obj,1240
jpeg-6b,jcsample.c.obj,2002
jpeg-6b,jctrans.c.obj,1274
jpeg-6b,jdapimin.c.obj,1028
jpeg-6b,jdapistd.c.obj,874
jpeg-6b,jdatadst.c.obj,296
jpeg-6b,jdatasrc.c.obj,304
jpeg-6b,jdcoefct.c.obj,2794
jpeg-6b,jdcolor.c.obj,1218
jpeg-6b,jddctmgr.c.obj,792
jpeg-6b,jdhuff.c.obj,2464
jpeg-6b,jdinput.c.obj,1198
jpeg-6b,jdmainct.c.obj,1370
jpeg-6b,jdmarker.c.obj,5774
jpeg-6b,jdmaster.c.obj,1608
jpeg-6b,jdmerge.c.obj,1530
jpeg-6b,jdphuff.c.obj,2702
jpeg-6b,jdpostct.c.obj,734
jpeg-6b,jdsample.c.obj,1604
jpeg-6b,jdtrans.c.obj,294
jpeg-6b,jerror.c.obj,6399
jpeg-6b,jfdctflt.c.obj,466
jpeg-6b,jfdctfst.c.obj,464
jpeg-6b,jfdctint.c.obj,682
jpeg-6b,jidctflt.c.obj,814
jpeg-6b,jidctfst.c.obj,864
jpeg-6b,jidctint.c.obj,1080
jpeg-6b,jidctred.c.obj,1142
jpeg-6b,jmemmgr.c.obj,3180
jpeg-6b,jmemnobs.c.obj,64
jpeg-6b,jpegtran.c.obj,4161
jpeg-6b,jquant1.c.obj,2762
jpeg-6b,jquant2.c.obj,3778
jpeg-6b,jutils.c.obj,450
jpeg-6b,rdbmp.c.obj,1850
jpeg-6b,rdcolmap.c.obj,1062
jpeg-6b,rdgif.c.obj,93
jpeg-6b,rdjpgcom.c.obj,2649
jpeg-6b,rdppm.c.obj,1688
jpeg-6b,rdrle.c.obj,0
jpeg-6b,rdswitch.c.obj,2216
jpeg-6b,rdtarga.c.obj,1628
jpeg-6b,transupp.c.obj,3986
jpeg-6b,wrbmp.c.obj,1574
jpeg-6b,wrgif.c.obj,1330
jpeg-6b,wrjpgcom.c.obj,3243
jpeg-6b,wrppm.c.obj,619
jpeg-6b,wrrle.c.obj,0
jpeg-6b,wrtarga.c.obj,786
zlib-1.1.4,adler32.c.obj,248
zlib-1.1.4,compress.c.obj,146
zlib-1.1.4,crc32.c.obj,2370
zlib-1.1.4,deflate.c.obj,5615
zlib-1.1.4,example.c.obj,4494
zlib-1.1.4,gzio.c.obj,3405
zlib-1.1.4,infblock.c.obj,2278
zlib-1.1.4,infcodes.c.obj,1416
zlib-1.1.4,inffast.c.obj,1032
zlib-1.1.4,inflate.c.obj,1591
zlib-1.1.4,inftrees.c.obj,2148
zlib-1.1.4,infutil.c.obj,252
zlib-1.1.4,minigzip.c.obj,1409
zlib-1.1.4,trees.c.obj,8874
zlib-1.1.4,uncompr.c.obj,140
zlib-1.1.4,zutil.c.obj,217
libpng-1.2.5,png2pnm.c.obj,2800
libpng-1.2.5,png.c.obj,2714
libpng-1.2.5,pngerror.c.obj,958
libpng-1.2.5,pngget.c.obj,1986
libpng-1.2.5,pngmem.c.obj,497
libpng-1.2.5,pngpread.c.obj,5993
libpng-1.2.5,pngread.c.obj,6880
libpng-1.2.5,pngrio.c.obj,340
libpng-1.2.5,pngrtran.c.obj,17336
libpng-1.2.5,pngrutil.c.obj,15661
libpng-1.2.5,pngset.c.obj,5720
libpng-1.2.5,pngtest.c.obj,6631
libpng-1.2.5,pngtrans.c.obj,1220
libpng-1.2.5,pngwio.c.obj,357
libpng-1.2.5,pngwrite.c.obj,6286
libpng-1.2.5,pngwtran.c.obj,1708
libpng-1.2.5,pngwutil.c.obj,12488
libpng-1.2.5,pnm2png.c.obj,3046
mpgcut-1.1,mpgcut.c.obj,8598
libmspack,cabd_md5.c.obj,1288
libmspack,cabd_test.c.obj,10361
libmspack,cabrip.c.obj,495
libmspack,chmd_md5.c.obj,1226
libmspack,md5.c.obj,4040
jikespg-1.3,ctabs.c.obj,49031
jikespg-1.3,globals.c.obj,56
jikespg-1.3,lpgparse.c.obj,48339
jikespg-1.3,lpgutil.c.obj,4819
jikespg-1.3,main.c.obj,6314
jikespg-1.3,mkfirst.c.obj,14671
jikespg-1.3,mkred.c.obj,6687
jikespg-1.3,mkstates.c.obj,2745
jikespg-1.3,partset.c.obj,1511
jikespg-1.3,prntstat.c.obj,3243
jikespg-1.3,produce.c.obj,10752
jikespg-1.3,ptables.c.obj,3216
jikespg-1.3,remsp.c.obj,7523
jikespg-1.3,resolve.c.obj,11678
jikespg-1.3,spacetab.c.obj,19491
jikespg-1.3,tabutil.c.obj,13566
jikespg-1.3,timetab.c.obj,9476
bzip2-1.0.2,blocksort.c.obj,6596
bzip2-1.0.2,bzip2.c.obj,18067
bzip2-1.0.2,bzip2recover.c.obj,3402
bzip2-1.0.2,bzlib.c.obj,9956
bzip2-1.0.2,compress.c.obj,8270
bzip2-1.0.2,crctable.c.obj,0
bzip2-1.0.2,decompress.c.obj,8647
bzip2-1.0.2,huffman.c.obj,1200
bzip2-1.0.2,randtable.c.obj,0
unrarlib-0.4.0,getfile.c.obj,860
unrarlib-0.4.0,listarchive.c.obj,1130
unrarlib-0.4.0,unrarlib.c.obj,12338
cg_compiler_opensrc,atom.c.obj,4016
cg_compiler_opensrc,binding.c.obj,1645
cg_compiler_opensrc,cgcmain.c.obj,2403
cg_compiler_opensrc,cgstruct.c.obj,112
cg_compiler_opensrc,check.c.obj,3297
cg_compiler_opensrc,compile.c.obj,13142
cg_compiler_opensrc,constfold.c.obj,2920
cg_compiler_opensrc,cpp.c.obj,6181
cg_compiler_opensrc,generic_hal.c.obj,1695
cg_compiler_opensrc,hal.c.obj,2570
cg_compiler_opensrc,inline.c.obj,2802
cg_compiler_opensrc,memory.c.obj,558
cg_compiler_opensrc,parser.c.obj,16678
cg_compiler_opensrc,printutils.c.obj,11748
cg_compiler_opensrc,scanner.c.obj,5904
cg_compiler_opensrc,semantic.c.obj,4422
cg_compiler_opensrc,stdlib.c.obj,10
cg_compiler_opensrc,support.c.obj,23411
cg_compiler_opensrc,support_iter.c.obj,2009
cg_compiler_opensrc,symbols.c.obj,6709
cg_compiler_opensrc,tokenize.c.obj,724
cg_compiler_opensrc,tokens.c.obj,3116
flex-2.5.31,buf.c.obj,1114
flex-2.5.31,ccl.c.obj,874
flex-2.5.31,dfa.c.obj,7006
flex-2.5.31,ecs.c.obj,498
flex-2.5.31,filter.c.obj,2413
flex-2.5.31,gen.c.obj,25364
flex-2.5.31,libmain.c.obj,20
flex-2.5.31,libyywrap.c.obj,4
flex-2.5.31,main.c.obj,18343
flex-2.5.31,misc.c.obj,5869
flex-2.5.31,nfa.c.obj,3989
flex-2.5.31,options.c.obj,1647
flex-2.5.31,parse.c.obj,9606
flex-2.5.31,regex.c.obj,623
flex-2.5.31,scan.c.obj,42029
flex-2.5.31,scanopt.c.obj,3073
flex-2.5.31,skel.c.obj,86191
flex-2.5.31,sym.c.obj,986
flex-2.5.31,tables.c.obj,2056
flex-2.5.31,tables_shared.c.obj,32
flex-2.5.31,tblcmp.c.obj,3562
flex-2.5.31,yylex.c.obj,937
compiler,cg.c.obj,2928
compiler,main.c.obj,2624
compiler,parser.c.obj,4724
compiler,scanner.c.obj,3299
compiler,vam.c.obj,5458
compiler,vas.c.obj,6082
lwip-0.5.3.preproc,api_lib.o,5147
lwip-0.5.3.preproc,api_msg.o,4332
lwip-0.5.3.preproc,arp.o,2424
lwip-0.5.3.preproc,err.o,0
lwip-0.5.3.preproc,fs.o,40271
lwip-0.5.3.preproc,httpd.o,1614
lwip-0.5.3.preproc,icmp.o,1693
lwip-0.5.3.preproc,inet.o,946
lwip-0.5.3.preproc,ip_addr.o,0
lwip-0.5.3.preproc,ip.o,2968
lwip-0.5.3.preproc,loopif.o,313
lwip-0.5.3.preproc,mem.o,2133
lwip-0.5.3.preproc,memp.o,2054
lwip-0.5.3.preproc,netif.o,798
lwip-0.5.3.preproc,pbuf.o,3367
lwip-0.5.3.preproc,shell.o,12497
lwip-0.5.3.preproc,simhost.o,722
lwip-0.5.3.preproc,simnode.o,659
lwip-0.5.3.preproc,simrouter.o,844
lwip-0.5.3.preproc,sockets.o,2686
lwip-0.5.3.preproc,stats.o,78
lwip-0.5.3.preproc,sys.o,1044
lwip-0.5.3.preproc,tcpdump.o,1993
lwip-0.5.3.preproc,tcpecho.o,332
lwip-0.5.3.preproc,tcp_input.o,10939
lwip-0.5.3.preproc,tcpip.o,706
lwip-0.5.3.preproc,tcp.o,6733
lwip-0.5.3.preproc,tcp_output.o,5832
lwip-0.5.3.preproc,udpecho.o,394
lwip-0.5.3.preproc,udp.o,2607
OpenTCP-1.0.4,arp.c.obj,2624
OpenTCP-1.0.4,bootp.c.obj,1578
OpenTCP-1.0.4,dhcpc.c.obj,2648
OpenTCP-1.0.4,dns.c.obj,1456
OpenTCP-1.0.4,ethernet.c.obj,2238
OpenTCP-1.0.4,https_callbacks.c.obj,660
OpenTCP-1.0.4,http_server.c.obj,1580
OpenTCP-1.0.4,icmp.c.obj,418
OpenTCP-1.0.4,ip.c.obj,2190
OpenTCP-1.0.4,main_demo.c.obj,334
OpenTCP-1.0.4,pop3c_callbacks.c.obj,18
OpenTCP-1.0.4,pop3_client.c.obj,4007
OpenTCP-1.0.4,smtpc_callbacks.c.obj,22
OpenTCP-1.0.4,smtp_client.c.obj,2488
OpenTCP-1.0.4,system.c.obj,1042
OpenTCP-1.0.4,tcp_client_demo.c.obj,392
OpenTCP-1.0.4,tcp.c.obj,5552
OpenTCP-1.0.4,tcp_server_demo.c.obj,354
OpenTCP-1.0.4,tftps.c.obj,904
OpenTCP-1.0.4,timers.c.obj,244
OpenTCP-1.0.4,udp.c.obj,1514
OpenTCP-1.0.4,udp_demo.c.obj,256
teem-1.6.0-src,1op.c.obj,1890
teem-1.6.0-src,2op.c.obj,2404
teem-1.6.0-src,3op.c.obj,2539
teem-1.6.0-src,754.c.obj,1783
teem-1.6.0-src,about.c.obj,2941
teem-1.6.0-src,accessors.c.obj,4556
teem-1.6.0-src,aniso.c.obj,2998
teem-1.6.0-src,apply1D.c.obj,7407
teem-1.6.0-src,arith.c.obj,5043
teem-1.6.0-src,array.c.obj,546
teem-1.6.0-src,arraysNrrd.c.obj,0
teem-1.6.0-src,ax.c.obj,2423
teem-1.6.0-src,axdelete.c.obj,1613
teem-1.6.0-src,axinfo.c.obj,1630
teem-1.6.0-src,axinsert.c.obj,1321
teem-1.6.0-src,axis.c.obj,2364
teem-1.6.0-src,axmerge.c.obj,1551
teem-1.6.0-src,axsplit.c.obj,1327
teem-1.6.0-src,bday.c.obj,1099
teem-1.6.0-src,biff.c.obj,2883
teem-1.6.0-src,bimod.c.obj,4689
teem-1.6.0-src,block.c.obj,1289
teem-1.6.0-src,bounds.c.obj,2891
teem-1.6.0-src,bow.c.obj,655
teem-1.6.0-src,cam.c.obj,3233
teem-1.6.0-src,ccadj.c.obj,1355
teem-1.6.0-src,cc.c.obj,9567
teem-1.6.0-src,ccfind.c.obj,1972
teem-1.6.0-src,ccmerge.c.obj,2934
teem-1.6.0-src,ccmethods.c.obj,1339
teem-1.6.0-src,ccsettle.c.obj,1276
teem-1.6.0-src,chan.c.obj,7914
teem-1.6.0-src,clip.c.obj,776
teem-1.6.0-src,cmedian.c.obj,2793
teem-1.6.0-src,color.c.obj,4869
teem-1.6.0-src,comment.c.obj,495
teem-1.6.0-src,conv.c.obj,471
teem-1.6.0-src,convert.c.obj,1334
teem-1.6.0-src,convertDye.c.obj,2895
teem-1.6.0-src,convertNrrd.c.obj,2616
teem-1.6.0-src,convo.c.obj,2004
teem-1.6.0-src,coreAlan.c.obj,3738
teem-1.6.0-src,crop.c.obj,1620
teem-1.6.0-src,ctx.c.obj,4720
teem-1.6.0-src,cubicEll.c.obj,930
teem-1.6.0-src,data.c.obj,1441
teem-1.6.0-src,defaultsBane.c.obj,5
teem-1.6.0-src,defaultsGage.c.obj,5
teem-1.6.0-src,defaultsHest.c.obj,0
teem-1.6.0-src,defaultsHoover.c.obj,7
teem-1.6.0-src,defaultsLimn.c.obj,5
teem-1.6.0-src,defaultsMite.c.obj,5
teem-1.6.0-src,defaultsMoss.c.obj,5
teem-1.6.0-src,defaultsNrrd.c.obj,734
teem-1.6.0-src,defaultsTen.c.obj,16
teem-1.6.0-src,dehex.c.obj,930
teem-1.6.0-src,dhisto.c.obj,1536
teem-1.6.0-src,dice.c.obj,2114
teem-1.6.0-src,dio.c.obj,1860
teem-1.6.0-src,doubleprint.c.obj,679
teem-1.6.0-src,eigen.c.obj,1952
teem-1.6.0-src,encodingAscii.c.obj,1739
teem-1.6.0-src,encodingBzip2.c.obj,553
teem-1.6.0-src,encoding.c.obj,675
teem-1.6.0-src,encodingGzip.c.obj,624
teem-1.6.0-src,encodingHex.c.obj,1659
teem-1.6.0-src,encodingRaw.c.obj,2155
teem-1.6.0-src,endianAir.c.obj,4
teem-1.6.0-src,endianNrrd.c.obj,477
teem-1.6.0-src,enhex.c.obj,841
teem-1.6.0-src,enum.c.obj,788
teem-1.6.0-src,enumsAlan.c.obj,0
teem-1.6.0-src,enumsEcho.c.obj,0
teem-1.6.0-src,enumsNrrd.c.obj,0
teem-1.6.0-src,enumsTen.c.obj,0
teem-1.6.0-src,env.c.obj,1138
teem-1.6.0-src,epireg.c.obj,13095
teem-1.6.0-src,ex0.c.obj,534
teem-1.6.0-src,ex1.c.obj,1402
teem-1.6.0-src,ex2.c.obj,1116
teem-1.6.0-src,ex3.c.obj,1808
teem-1.6.0-src,ex4.c.obj,1231
teem-1.6.0-src,ex5.c.obj,968
teem-1.6.0-src,fiber.c.obj,2842
teem-1.6.0-src,fiberMethods.c.obj,2771
teem-1.6.0-src,filt.c.obj,4834
teem-1.6.0-src,filter.c.obj,2864
teem-1.6.0-src,flip.c.obj,1005
teem-1.6.0-src,floatprint.c.obj,691
teem-1.6.0-src,flotsam.c.obj,2953
teem-1.6.0-src,format.c.obj,715
teem-1.6.0-src,formatEPS.c.obj,2565
teem-1.6.0-src,formatNRRD.c.obj,4093
teem-1.6.0-src,formatPNG.c.obj,755
teem-1.6.0-src,formatPNM.c.obj,3221
teem-1.6.0-src,formatText.c.obj,2969
teem-1.6.0-src,formatVTK.c.obj,5927
teem-1.6.0-src,fp.c.obj,1898
teem-1.6.0-src,gamma.c.obj,1552
teem-1.6.0-src,genmat.c.obj,2894
teem-1.6.0-src,genvol.c.obj,1655
teem-1.6.0-src,gkmsFlotsam.c.obj,2281
teem-1.6.0-src,gkmsHvol.c.obj,3100
teem-1.6.0-src,gkmsInfo.c.obj,1445
teem-1.6.0-src,gkmsMite.c.obj,1305
teem-1.6.0-src,gkmsOpac.c.obj,3446
teem-1.6.0-src,gkmsPvg.c.obj,2628
teem-1.6.0-src,gkmsScat.c.obj,1703
teem-1.6.0-src,gkmsTxf.c.obj,3043
teem-1.6.0-src,glyph.c.obj,4434
teem-1.6.0-src,gzio.c.obj,0
teem-1.6.0-src,head.c.obj,1630
teem-1.6.0-src,heq.c.obj,2323
teem-1.6.0-src,hestLimn.c.obj,1156
teem-1.6.0-src,hestMoss.c.obj,1201
teem-1.6.0-src,hestNrrd.c.obj,1207
teem-1.6.0-src,histax.c.obj,1561
teem-1.6.0-src,histo.c.obj,1753
teem-1.6.0-src,histogram.c.obj,6233
teem-1.6.0-src,hvol.c.obj,6458
teem-1.6.0-src,imap.c.obj,2752
teem-1.6.0-src,inc.c.obj,2455
teem-1.6.0-src,inset.c.obj,1583
teem-1.6.0-src,intx.c.obj,6465
teem-1.6.0-src,invert.c.obj,791
teem-1.6.0-src,io.c.obj,796
teem-1.6.0-src,iter.c.obj,629
teem-1.6.0-src,jhisto.c.obj,2807
teem-1.6.0-src,join.c.obj,1667
teem-1.6.0-src,kernel.c.obj,14474
teem-1.6.0-src,keyvalue.c.obj,953
teem-1.6.0-src,kv.c.obj,445
teem-1.6.0-src,light.c.obj,622
teem-1.6.0-src,lightEcho.c.obj,551
teem-1.6.0-src,list.c.obj,1250
teem-1.6.0-src,lut.c.obj,2297
teem-1.6.0-src,make.c.obj,7001
teem-1.6.0-src,map.c.obj,348
teem-1.6.0-src,mat.c.obj,9098
teem-1.6.0-src,matter.c.obj,306
teem-1.6.0-src,measr.c.obj,260
teem-1.6.0-src,measure.c.obj,7492
teem-1.6.0-src,methodsAlan.c.obj,2361
teem-1.6.0-src,methodsBane.c.obj,602
teem-1.6.0-src,methodsDye.c.obj,1250
teem-1.6.0-src,methodsEcho.c.obj,711
teem-1.6.0-src,methodsHest.c.obj,2662
teem-1.6.0-src,methodsHoover.c.obj,1619
teem-1.6.0-src,methodsLimn.c.obj,326
teem-1.6.0-src,methodsMoss.c.obj,1171
teem-1.6.0-src,methodsNrrd.c.obj,4395
teem-1.6.0-src,minmax.c.obj,1330
teem-1.6.0-src,miscAir.c.obj,3867
teem-1.6.0-src,miscEll.c.obj,960
teem-1.6.0-src,miscGage.c.obj,656
teem-1.6.0-src,miscTen.c.obj,3613
teem-1.6.0-src,mod.c.obj,2895
teem-1.6.0-src,model.c.obj,780
teem-1.6.0-src,mop.c.obj,1163
teem-1.6.0-src,obj.c.obj,948
teem-1.6.0-src,objmethods.c.obj,1246
teem-1.6.0-src,opac.c.obj,590
teem-1.6.0-src,pad.c.obj,2022
teem-1.6.0-src,parseAir.c.obj,1753
teem-1.6.0-src,parseHest.c.obj,13623
teem-1.6.0-src,parseNrrd.c.obj,6600
teem-1.6.0-src,permute.c.obj,1211
teem-1.6.0-src,pos.c.obj,680
teem-1.6.0-src,print.c.obj,6221
teem-1.6.0-src,project.c.obj,2104
teem-1.6.0-src,pvl.c.obj,1625
teem-1.6.0-src,qn.c.obj,2201
teem-1.6.0-src,quadvol.c.obj,1615
teem-1.6.0-src,quantize.c.obj,1838
teem-1.6.0-src,quat.c.obj,7151
teem-1.6.0-src,rangeBane.c.obj,837
teem-1.6.0-src,range.c.obj,600
teem-1.6.0-src,ray.c.obj,2477
teem-1.6.0-src,rays.c.obj,2271
teem-1.6.0-src,read.c.obj,3011
teem-1.6.0-src,renderEcho.c.obj,4149
teem-1.6.0-src,renderLimn.c.obj,3348
teem-1.6.0-src,renderMite.c.obj,1180
teem-1.6.0-src,reorder.c.obj,9644
teem-1.6.0-src,resample.c.obj,3604
teem-1.6.0-src,resampleNrrd.c.obj,6125
teem-1.6.0-src,reshape.c.obj,1173
teem-1.6.0-src,rmap.c.obj,2733
teem-1.6.0-src,sampler.c.obj,2128
teem-1.6.0-src,sane.c.obj,3101
teem-1.6.0-src,save.c.obj,3197
teem-1.6.0-src,scat.c.obj,806
teem-1.6.0-src,sclanswer.c.obj,4089
teem-1.6.0-src,scl.c.obj,0
teem-1.6.0-src,sclfilter.c.obj,6623
teem-1.6.0-src,sclprint.c.obj,981
teem-1.6.0-src,set.c.obj,510
teem-1.6.0-src,shape.c.obj,2766
teem-1.6.0-src,shapes.c.obj,3564
teem-1.6.0-src,shuffle.c.obj,1890
teem-1.6.0-src,sigma.c.obj,210
teem-1.6.0-src,simple.c.obj,4923
teem-1.6.0-src,slice.c.obj,1486
teem-1.6.0-src,soid.c.obj,3573
teem-1.6.0-src,sort3.c.obj,608
teem-1.6.0-src,splice.c.obj,1637
teem-1.6.0-src,splineEval.c.obj,3839
teem-1.6.0-src,splineMethods.c.obj,4863
teem-1.6.0-src,splineMisc.c.obj,2582
teem-1.6.0-src,sqd.c.obj,4207
teem-1.6.0-src,st.c.obj,3092
teem-1.6.0-src,string.c.obj,1154
teem-1.6.0-src,strings.c.obj,1226
teem-1.6.0-src,stub.c.obj,50
teem-1.6.0-src,subset.c.obj,2669
teem-1.6.0-src,superset.c.obj,5378
teem-1.6.0-src,swap.c.obj,1051
teem-1.6.0-src,tbc.c.obj,1880
teem-1.6.0-src,tblah.c.obj,1111
teem-1.6.0-src,tcamanim.c.obj,3584
teem-1.6.0-src,tcam.c.obj,1302
teem-1.6.0-src,tem.c.obj,1149
teem-1.6.0-src,tendAnhist.c.obj,1358
teem-1.6.0-src,tendAnplot.c.obj,1829
teem-1.6.0-src,tendAnscale.c.obj,1576
teem-1.6.0-src,tendAnvol.c.obj,1680
teem-1.6.0-src,tendBmat.c.obj,1485
teem-1.6.0-src,tendEllipse.c.obj,2648
teem-1.6.0-src,tendEpireg.c.obj,4829
teem-1.6.0-src,tendEstim.c.obj,4198
teem-1.6.0-src,tendEvaladd.c.obj,1142
teem-1.6.0-src,tendEvalclamp.c.obj,1462
teem-1.6.0-src,tendEval.c.obj,1909
teem-1.6.0-src,tendEvalpow.c.obj,1059
teem-1.6.0-src,tendEvec.c.obj,1936
teem-1.6.0-src,tendEvecrgb.c.obj,2149
teem-1.6.0-src,tendEvq.c.obj,2390
teem-1.6.0-src,tendExpand.c.obj,1641
teem-1.6.0-src,tendFiber.c.obj,2853
teem-1.6.0-src,tendFlotsam.c.obj,1507
teem-1.6.0-src,tendGlyph.c.obj,7491
teem-1.6.0-src,tendMake.c.obj,1118
teem-1.6.0-src,tendNorm.c.obj,1498
teem-1.6.0-src,tendPoint.c.obj,1784
teem-1.6.0-src,tendSatin.c.obj,4786
teem-1.6.0-src,tendShrink.c.obj,1100
teem-1.6.0-src,tendSim.c.obj,1560
teem-1.6.0-src,tendSlice.c.obj,1219
teem-1.6.0-src,tendSten.c.obj,1545
teem-1.6.0-src,tenGage.c.obj,2711
teem-1.6.0-src,tensor.c.obj,5527
teem-1.6.0-src,test.c.obj,291
teem-1.6.0-src,tg.c.obj,1684
teem-1.6.0-src,threadAir.c.obj,1101
teem-1.6.0-src,thread.c.obj,270
teem-1.6.0-src,tinfo.c.obj,625
teem-1.6.0-src,tkernel.c.obj,1735
teem-1.6.0-src,tline.c.obj,525
teem-1.6.0-src,tmfKernel.c.obj,72257
teem-1.6.0-src,tmop.c.obj,771
teem-1.6.0-src,tok.c.obj,360
teem-1.6.0-src,tps.c.obj,2538
teem-1.6.0-src,tq.c.obj,3991
teem-1.6.0-src,trand.c.obj,201
teem-1.6.0-src,transform.c.obj,1956
teem-1.6.0-src,tread.c.obj,326
teem-1.6.0-src,trend.c.obj,8197
teem-1.6.0-src,trex.c.obj,394
teem-1.6.0-src,trnsf.c.obj,4493
teem-1.6.0-src,tspline.c.obj,2279
teem-1.6.0-src,tspot.c.obj,1199
teem-1.6.0-src,tt.c.obj,1914
teem-1.6.0-src,txf.c.obj,3774
teem-1.6.0-src,typestest.c.obj,493
teem-1.6.0-src,unblock.c.obj,1353
teem-1.6.0-src,unquantize.c.obj,1334
teem-1.6.0-src,update.c.obj,4969
teem-1.6.0-src,usage.c.obj,3444
teem-1.6.0-src,user.c.obj,938
teem-1.6.0-src,valid.c.obj,2341
teem-1.6.0-src,vecEll.c.obj,792
teem-1.6.0-src,vecGage.c.obj,2615
teem-1.6.0-src,vecprint.c.obj,54
teem-1.6.0-src,winKernel.c.obj,10956
teem-1.6.0-src,write.c.obj,4547
teem-1.6.0-src,xform.c.obj,2418
mpeg2dec-0.3.1,alloc.c.obj,110
mpeg2dec-0.3.1,cpu_accel.c.obj,4
mpeg2dec-0.3.1,cpu_state.c.obj,2
mpeg2dec-0.3.1,decode.c.obj,2088
mpeg2dec-0.3.1,extract_mpeg2.c.obj,3313
mpeg2dec-0.3.1,getopt.c.obj,2904
mpeg2dec-0.3.1,gettimeofday.c.obj,0
mpeg2dec-0.3.1,header.c.obj,3638
mpeg2dec-0.3.1,idct_alpha.c.obj,0
mpeg2dec-0.3.1,idct_altivec.c.obj,0
mpeg2dec-0.3.1,idct.c.obj,1550
mpeg2dec-0.3.1,idct_mlib.c.obj,0
mpeg2dec-0.3.1,idct_mmx.c.obj,0
mpeg2dec-0.3.1,motion_comp_alpha.c.obj,0
mpeg2dec-0.3.1,motion_comp_altivec.c.obj,0
mpeg2dec-0.3.1,motion_comp.c.obj,5724
mpeg2dec-0.3.1,motion_comp_mlib.c.obj,0
mpeg2dec-0.3.1,motion_comp_mmx.c.obj,0
mpeg2dec-0.3.1,mpeg2dec.c.obj,4543
mpeg2dec-0.3.1,slice.c.obj,16548
mpeg2dec-0.3.1,video_out.c.obj,102
mpeg2dec-0.3.1,video_out_dx.c.obj,0
mpeg2dec-0.3.1,video_out_null.c.obj,212
mpeg2dec-0.3.1,video_out_pgm.c.obj,571
mpeg2dec-0.3.1,video_out_sdl.c.obj,793
mpeg2dec-0.3.1,video_out_x11.c.obj,0
mpeg2dec-0.3.1,yuv2rgb.c.obj,4970
mpeg2dec-0.3.1,yuv2rgb_mlib.c.obj,0
mpeg2dec-0.3.1,yuv2rgb_mmx.c.obj,0
ttt-0.10.1.preproc,connect4.o,7569
ttt-0.10.1.preproc,engine.o,3992
ttt-0.10.1.preproc,main.o,1907
ttt-0.10.1.preproc,parse.o,2646
ttt-0.10.1.preproc,ttt.o,10373
ttt-0.10.1.preproc,util.o,2501
replaypc-0.4.0.preproc,addressbook.o,1183
replaypc-0.4.0.preproc,bigfile.o,681
replaypc-0.4.0.preproc,build-ndx.o,1000
replaypc-0.4.0.preproc,cg.o,3613
replaypc-0.4.0.preproc,channelset.o,385
replaypc-0.4.0.preproc,crypt.o,1496
replaypc-0.4.0.preproc,crypt-test.o,2398
replaypc-0.4.0.preproc,dump-addressbook.o,788
replaypc-0.4.0.preproc,dump-cg2.o,734
replaypc-0.4.0.preproc,dump-channelset.o,624
replaypc-0.4.0.preproc,dump-filedarray.o,824
replaypc-0.4.0.preproc,dump-guide.o,973
replaypc-0.4.0.preproc,dump-headend.o,597
replaypc-0.4.0.preproc,dump.o,2649
replaypc-0.4.0.preproc,dump-programset.o,1005
replaypc-0.4.0.preproc,dump-replaychannels.o,531
replaypc-0.4.0.preproc,dump-replayshows.o,526
replaypc-0.4.0.preproc,dump-zipcode2.o,526
replaypc-0.4.0.preproc,filedarray.o,434
replaypc-0.4.0.preproc,find-GOPs.o,518
replaypc-0.4.0.preproc,guideclient.o,1230
replaypc-0.4.0.preproc,guide.o,10278
replaypc-0.4.0.preproc,headend.o,1386
replaypc-0.4.0.preproc,httpclient.o,4659
replaypc-0.4.0.preproc,httpfsclient.o,3904
replaypc-0.4.0.preproc,httpfs.o,9409
replaypc-0.4.0.preproc,mark-commercial.o,2768
replaypc-0.4.0.preproc,ndx-dump.o,5679
replaypc-0.4.0.preproc,ndx.o,913
replaypc-0.4.0.preproc,program.o,2993
replaypc-0.4.0.preproc,rddnsclient.o,1870
replaypc-0.4.0.preproc,rddns.o,948
replaypc-0.4.0.preproc,ReplayPC.o,6092
replaypc-0.4.0.preproc,rtvguide.o,2019
replaypc-0.4.0.preproc,rtv.o,1810
replaypc-0.4.0.preproc,sleep.o,90
replaypc-0.4.0.preproc,un-protect.o,1654
replaypc-0.4.0.preproc,version-test.o,279
replaypc-0.4.0.preproc,zipcode.o,611
