Compiler version,riscv64-buildroot-linux-gnu-gcc-8.3.0.br_real (Buildroot 2019.08-git-g4fcb14d) 8.3.0
Compiler flags,-Os  -march=rv64imafdc -L/home/pz/riscvws/toolchainbin/C9xx-8.3.0/lib/ -L/home/pz/riscvws/toolchainbin/C9xx-8.3.0/lib64 -L/home/pz/riscvws/toolchainbin/C9xx-8.3.0/riscv64-buildroot-linux-gnu/lib -L.

Date,2020-06-15

zlib-1.1.4,adler32.c.obj,248
zlib-1.1.4,compress.c.obj,146
zlib-1.1.4,crc32.c.obj,2370
zlib-1.1.4,deflate.c.obj,5637
zlib-1.1.4,example.c.obj,4300
zlib-1.1.4,gzio.c.obj,3377
zlib-1.1.4,infblock.c.obj,2276
zlib-1.1.4,infcodes.c.obj,1402
zlib-1.1.4,inffast.c.obj,1030
zlib-1.1.4,inflate.c.obj,1599
zlib-1.1.4,inftrees.c.obj,2166
zlib-1.1.4,infutil.c.obj,252
zlib-1.1.4,minigzip.c.obj,1405
zlib-1.1.4,trees.c.obj,8938
zlib-1.1.4,uncompr.c.obj,140
zlib-1.1.4,zutil.c.obj,217
libpng-1.2.5,png2pnm.c.obj,2770
libpng-1.2.5,png.c.obj,2716
libpng-1.2.5,pngerror.c.obj,962
libpng-1.2.5,pngget.c.obj,1984
libpng-1.2.5,pngmem.c.obj,497
libpng-1.2.5,pngpread.c.obj,5993
libpng-1.2.5,pngread.c.obj,6876
libpng-1.2.5,pngrio.c.obj,354
libpng-1.2.5,pngrtran.c.obj,17724
libpng-1.2.5,pngrutil.c.obj,15701
libpng-1.2.5,pngset.c.obj,5752
libpng-1.2.5,pngtest.c.obj,6513
libpng-1.2.5,pngtrans.c.obj,1222
libpng-1.2.5,pngwio.c.obj,383
libpng-1.2.5,pngwrite.c.obj,6308
libpng-1.2.5,pngwtran.c.obj,1688
libpng-1.2.5,pngwutil.c.obj,12564
libpng-1.2.5,pnm2png.c.obj,3028
mpgcut-1.1,mpgcut.c.obj,8660
jikespg-1.3,ctabs.c.obj,48989
jikespg-1.3,globals.c.obj,56
jikespg-1.3,lpgparse.c.obj,48347
jikespg-1.3,lpgutil.c.obj,4891
jikespg-1.3,main.c.obj,6306
jikespg-1.3,mkfirst.c.obj,14681
jikespg-1.3,mkred.c.obj,6659
jikespg-1.3,mkstates.c.obj,2759
jikespg-1.3,partset.c.obj,1523
jikespg-1.3,prntstat.c.obj,3219
jikespg-1.3,produce.c.obj,10754
jikespg-1.3,ptables.c.obj,3206
jikespg-1.3,remsp.c.obj,7575
jikespg-1.3,resolve.c.obj,11678
jikespg-1.3,spacetab.c.obj,19521
jikespg-1.3,tabutil.c.obj,13468
jikespg-1.3,timetab.c.obj,9554
bzip2-1.0.2,blocksort.c.obj,6556
bzip2-1.0.2,bzip2.c.obj,17927
bzip2-1.0.2,bzip2recover.c.obj,3368
bzip2-1.0.2,bzlib.c.obj,10024
bzip2-1.0.2,compress.c.obj,8286
bzip2-1.0.2,crctable.c.obj,0
bzip2-1.0.2,decompress.c.obj,8655
bzip2-1.0.2,huffman.c.obj,1212
bzip2-1.0.2,randtable.c.obj,0
unrarlib-0.4.0,getfile.c.obj,860
unrarlib-0.4.0,listarchive.c.obj,1130
unrarlib-0.4.0,unrarlib.c.obj,12392
cg_compiler_opensrc,atom.c.obj,4018
cg_compiler_opensrc,binding.c.obj,1577
cg_compiler_opensrc,cgcmain.c.obj,2401
cg_compiler_opensrc,cgstruct.c.obj,112
cg_compiler_opensrc,check.c.obj,3321
cg_compiler_opensrc,compile.c.obj,13090
cg_compiler_opensrc,constfold.c.obj,2966
cg_compiler_opensrc,cpp.c.obj,6229
cg_compiler_opensrc,generic_hal.c.obj,1683
cg_compiler_opensrc,hal.c.obj,2542
cg_compiler_opensrc,inline.c.obj,2820
cg_compiler_opensrc,memory.c.obj,556
cg_compiler_opensrc,parser.c.obj,16672
cg_compiler_opensrc,printutils.c.obj,11746
cg_compiler_opensrc,scanner.c.obj,5862
cg_compiler_opensrc,semantic.c.obj,4400
cg_compiler_opensrc,stdlib.c.obj,10
cg_compiler_opensrc,support.c.obj,23437
cg_compiler_opensrc,support_iter.c.obj,2043
cg_compiler_opensrc,symbols.c.obj,6693
cg_compiler_opensrc,tokenize.c.obj,716
cg_compiler_opensrc,tokens.c.obj,3152
flex-2.5.31,buf.c.obj,1114
flex-2.5.31,ccl.c.obj,932
flex-2.5.31,dfa.c.obj,6950
flex-2.5.31,ecs.c.obj,500
flex-2.5.31,filter.c.obj,2423
flex-2.5.31,gen.c.obj,25422
flex-2.5.31,libmain.c.obj,20
flex-2.5.31,libyywrap.c.obj,4
flex-2.5.31,main.c.obj,18247
flex-2.5.31,misc.c.obj,5944
flex-2.5.31,nfa.c.obj,3955
flex-2.5.31,options.c.obj,1647
flex-2.5.31,parse.c.obj,9368
flex-2.5.31,regex.c.obj,603
flex-2.5.31,scan.c.obj,42011
flex-2.5.31,scanopt.c.obj,3075
flex-2.5.31,skel.c.obj,86191
flex-2.5.31,sym.c.obj,982
flex-2.5.31,tables.c.obj,2004
flex-2.5.31,tables_shared.c.obj,30
flex-2.5.31,tblcmp.c.obj,3540
flex-2.5.31,yylex.c.obj,923
compiler,cg.c.obj,2926
compiler,main.c.obj,2598
compiler,parser.c.obj,4716
compiler,scanner.c.obj,3285
compiler,vam.c.obj,5458
compiler,vas.c.obj,6060
lwip-0.5.3.preproc,api_lib.o,5147
lwip-0.5.3.preproc,api_msg.o,4332
lwip-0.5.3.preproc,arp.o,2424
lwip-0.5.3.preproc,err.o,0
lwip-0.5.3.preproc,fs.o,40271
lwip-0.5.3.preproc,httpd.o,1614
lwip-0.5.3.preproc,icmp.o,1693
lwip-0.5.3.preproc,inet.o,946
lwip-0.5.3.preproc,ip_addr.o,0
lwip-0.5.3.preproc,ip.o,2968
lwip-0.5.3.preproc,loopif.o,313
lwip-0.5.3.preproc,mem.o,2133
lwip-0.5.3.preproc,memp.o,2054
lwip-0.5.3.preproc,netif.o,798
lwip-0.5.3.preproc,pbuf.o,3367
lwip-0.5.3.preproc,shell.o,12497
lwip-0.5.3.preproc,simhost.o,722
lwip-0.5.3.preproc,simnode.o,659
lwip-0.5.3.preproc,simrouter.o,844
lwip-0.5.3.preproc,sockets.o,2686
lwip-0.5.3.preproc,stats.o,78
lwip-0.5.3.preproc,sys.o,1044
lwip-0.5.3.preproc,tcpdump.o,1993
lwip-0.5.3.preproc,tcpecho.o,332
lwip-0.5.3.preproc,tcp_input.o,10939
lwip-0.5.3.preproc,tcpip.o,706
lwip-0.5.3.preproc,tcp.o,6733
lwip-0.5.3.preproc,tcp_output.o,5832
lwip-0.5.3.preproc,udpecho.o,394
lwip-0.5.3.preproc,udp.o,2607
OpenTCP-1.0.4,arp.c.obj,2654
OpenTCP-1.0.4,bootp.c.obj,1582
OpenTCP-1.0.4,dhcpc.c.obj,2628
OpenTCP-1.0.4,dns.c.obj,1464
OpenTCP-1.0.4,ethernet.c.obj,2216
OpenTCP-1.0.4,https_callbacks.c.obj,660
OpenTCP-1.0.4,http_server.c.obj,1564
OpenTCP-1.0.4,icmp.c.obj,418
OpenTCP-1.0.4,ip.c.obj,2180
OpenTCP-1.0.4,main_demo.c.obj,336
OpenTCP-1.0.4,pop3c_callbacks.c.obj,18
OpenTCP-1.0.4,pop3_client.c.obj,4025
OpenTCP-1.0.4,smtpc_callbacks.c.obj,22
OpenTCP-1.0.4,smtp_client.c.obj,2510
OpenTCP-1.0.4,system.c.obj,1036
OpenTCP-1.0.4,tcp_client_demo.c.obj,390
OpenTCP-1.0.4,tcp.c.obj,5494
OpenTCP-1.0.4,tcp_server_demo.c.obj,352
OpenTCP-1.0.4,tftps.c.obj,910
OpenTCP-1.0.4,timers.c.obj,246
OpenTCP-1.0.4,udp.c.obj,1514
OpenTCP-1.0.4,udp_demo.c.obj,256
teem-1.6.0-src,1op.c.obj,1866
teem-1.6.0-src,2op.c.obj,2380
teem-1.6.0-src,3op.c.obj,2521
teem-1.6.0-src,754.c.obj,1781
teem-1.6.0-src,about.c.obj,2925
teem-1.6.0-src,accessors.c.obj,5100
teem-1.6.0-src,aniso.c.obj,3084
teem-1.6.0-src,apply1D.c.obj,7507
teem-1.6.0-src,arith.c.obj,5497
teem-1.6.0-src,array.c.obj,546
teem-1.6.0-src,arraysNrrd.c.obj,0
teem-1.6.0-src,ax.c.obj,2449
teem-1.6.0-src,axdelete.c.obj,1589
teem-1.6.0-src,axinfo.c.obj,1612
teem-1.6.0-src,axinsert.c.obj,1299
teem-1.6.0-src,axis.c.obj,2448
teem-1.6.0-src,axmerge.c.obj,1535
teem-1.6.0-src,axsplit.c.obj,1311
teem-1.6.0-src,bday.c.obj,1093
teem-1.6.0-src,biff.c.obj,2881
teem-1.6.0-src,bimod.c.obj,4807
teem-1.6.0-src,block.c.obj,1273
teem-1.6.0-src,bounds.c.obj,2799
teem-1.6.0-src,bow.c.obj,639
teem-1.6.0-src,cam.c.obj,3255
teem-1.6.0-src,ccadj.c.obj,1339
teem-1.6.0-src,cc.c.obj,9615
teem-1.6.0-src,ccfind.c.obj,1948
teem-1.6.0-src,ccmerge.c.obj,2910
teem-1.6.0-src,ccmethods.c.obj,1355
teem-1.6.0-src,ccsettle.c.obj,1252
teem-1.6.0-src,chan.c.obj,8028
teem-1.6.0-src,clip.c.obj,764
teem-1.6.0-src,cmedian.c.obj,2759
teem-1.6.0-src,color.c.obj,5303
teem-1.6.0-src,comment.c.obj,517
teem-1.6.0-src,conv.c.obj,463
teem-1.6.0-src,convert.c.obj,1318
teem-1.6.0-src,convertDye.c.obj,3061
teem-1.6.0-src,convertNrrd.c.obj,2616
teem-1.6.0-src,convo.c.obj,1984
teem-1.6.0-src,coreAlan.c.obj,3764
teem-1.6.0-src,crop.c.obj,1604
teem-1.6.0-src,ctx.c.obj,4704
teem-1.6.0-src,cubicEll.c.obj,1096
teem-1.6.0-src,data.c.obj,1423
teem-1.6.0-src,defaultsBane.c.obj,5
teem-1.6.0-src,defaultsGage.c.obj,5
teem-1.6.0-src,defaultsHest.c.obj,0
teem-1.6.0-src,defaultsHoover.c.obj,7
teem-1.6.0-src,defaultsLimn.c.obj,5
teem-1.6.0-src,defaultsMite.c.obj,5
teem-1.6.0-src,defaultsMoss.c.obj,5
teem-1.6.0-src,defaultsNrrd.c.obj,734
teem-1.6.0-src,defaultsTen.c.obj,16
teem-1.6.0-src,dehex.c.obj,910
teem-1.6.0-src,dhisto.c.obj,1520
teem-1.6.0-src,dice.c.obj,2092
teem-1.6.0-src,dio.c.obj,1860
teem-1.6.0-src,doubleprint.c.obj,675
teem-1.6.0-src,eigen.c.obj,2068
teem-1.6.0-src,encodingAscii.c.obj,1751
teem-1.6.0-src,encodingBzip2.c.obj,553
teem-1.6.0-src,encoding.c.obj,675
teem-1.6.0-src,encodingGzip.c.obj,624
teem-1.6.0-src,encodingHex.c.obj,1661
teem-1.6.0-src,encodingRaw.c.obj,2119
teem-1.6.0-src,endianAir.c.obj,4
teem-1.6.0-src,endianNrrd.c.obj,465
teem-1.6.0-src,enhex.c.obj,827
teem-1.6.0-src,enum.c.obj,780
teem-1.6.0-src,enumsAlan.c.obj,0
teem-1.6.0-src,enumsEcho.c.obj,0
teem-1.6.0-src,enumsNrrd.c.obj,0
teem-1.6.0-src,enumsTen.c.obj,0
teem-1.6.0-src,env.c.obj,1136
teem-1.6.0-src,epireg.c.obj,13037
teem-1.6.0-src,ex0.c.obj,532
teem-1.6.0-src,ex1.c.obj,1400
teem-1.6.0-src,ex2.c.obj,1106
teem-1.6.0-src,ex3.c.obj,1794
teem-1.6.0-src,ex4.c.obj,1225
teem-1.6.0-src,ex5.c.obj,960
teem-1.6.0-src,fiber.c.obj,2950
teem-1.6.0-src,fiberMethods.c.obj,2779
teem-1.6.0-src,filt.c.obj,4980
teem-1.6.0-src,filter.c.obj,2876
teem-1.6.0-src,flip.c.obj,989
teem-1.6.0-src,floatprint.c.obj,687
teem-1.6.0-src,flotsam.c.obj,2993
teem-1.6.0-src,format.c.obj,715
teem-1.6.0-src,formatEPS.c.obj,2605
teem-1.6.0-src,formatNRRD.c.obj,4077
teem-1.6.0-src,formatPNG.c.obj,755
teem-1.6.0-src,formatPNM.c.obj,3245
teem-1.6.0-src,formatText.c.obj,2947
teem-1.6.0-src,formatVTK.c.obj,5913
teem-1.6.0-src,fp.c.obj,1914
teem-1.6.0-src,gamma.c.obj,1536
teem-1.6.0-src,genmat.c.obj,2928
teem-1.6.0-src,genvol.c.obj,1689
teem-1.6.0-src,gkmsFlotsam.c.obj,2277
teem-1.6.0-src,gkmsHvol.c.obj,3090
teem-1.6.0-src,gkmsInfo.c.obj,1435
teem-1.6.0-src,gkmsMite.c.obj,1293
teem-1.6.0-src,gkmsOpac.c.obj,3438
teem-1.6.0-src,gkmsPvg.c.obj,2628
teem-1.6.0-src,gkmsScat.c.obj,1693
teem-1.6.0-src,gkmsTxf.c.obj,3043
teem-1.6.0-src,glyph.c.obj,4558
teem-1.6.0-src,gzio.c.obj,0
teem-1.6.0-src,head.c.obj,1610
teem-1.6.0-src,heq.c.obj,2297
teem-1.6.0-src,hestLimn.c.obj,1156
teem-1.6.0-src,hestMoss.c.obj,1201
teem-1.6.0-src,hestNrrd.c.obj,1243
teem-1.6.0-src,histax.c.obj,1545
teem-1.6.0-src,histo.c.obj,1737
teem-1.6.0-src,histogram.c.obj,6289
teem-1.6.0-src,hvol.c.obj,6482
teem-1.6.0-src,imap.c.obj,2728
teem-1.6.0-src,inc.c.obj,2525
teem-1.6.0-src,inset.c.obj,1563
teem-1.6.0-src,intx.c.obj,6655
teem-1.6.0-src,invert.c.obj,781
teem-1.6.0-src,io.c.obj,796
teem-1.6.0-src,iter.c.obj,633
teem-1.6.0-src,jhisto.c.obj,2777
teem-1.6.0-src,join.c.obj,1647
teem-1.6.0-src,kernel.c.obj,14752
teem-1.6.0-src,keyvalue.c.obj,947
teem-1.6.0-src,kv.c.obj,437
teem-1.6.0-src,light.c.obj,622
teem-1.6.0-src,lightEcho.c.obj,561
teem-1.6.0-src,list.c.obj,1262
teem-1.6.0-src,lut.c.obj,2281
teem-1.6.0-src,make.c.obj,6939
teem-1.6.0-src,map.c.obj,344
teem-1.6.0-src,mat.c.obj,8924
teem-1.6.0-src,matter.c.obj,268
teem-1.6.0-src,measr.c.obj,246
teem-1.6.0-src,measure.c.obj,7754
teem-1.6.0-src,methodsAlan.c.obj,2365
teem-1.6.0-src,methodsBane.c.obj,602
teem-1.6.0-src,methodsDye.c.obj,1224
teem-1.6.0-src,methodsEcho.c.obj,713
teem-1.6.0-src,methodsHest.c.obj,2660
teem-1.6.0-src,methodsHoover.c.obj,1617
teem-1.6.0-src,methodsLimn.c.obj,326
teem-1.6.0-src,methodsMoss.c.obj,1171
teem-1.6.0-src,methodsNrrd.c.obj,4413
teem-1.6.0-src,minmax.c.obj,1310
teem-1.6.0-src,miscAir.c.obj,3993
teem-1.6.0-src,miscEll.c.obj,960
teem-1.6.0-src,miscGage.c.obj,660
teem-1.6.0-src,miscTen.c.obj,3698
teem-1.6.0-src,mod.c.obj,3037
teem-1.6.0-src,model.c.obj,772
teem-1.6.0-src,mop.c.obj,1169
teem-1.6.0-src,obj.c.obj,938
teem-1.6.0-src,objmethods.c.obj,1246
teem-1.6.0-src,opac.c.obj,578
teem-1.6.0-src,pad.c.obj,2006
teem-1.6.0-src,parseAir.c.obj,1743
teem-1.6.0-src,parseHest.c.obj,13469
teem-1.6.0-src,parseNrrd.c.obj,6578
teem-1.6.0-src,permute.c.obj,1193
teem-1.6.0-src,pos.c.obj,664
teem-1.6.0-src,print.c.obj,6225
teem-1.6.0-src,project.c.obj,2088
teem-1.6.0-src,pvl.c.obj,1615
teem-1.6.0-src,qn.c.obj,2225
teem-1.6.0-src,quadvol.c.obj,1635
teem-1.6.0-src,quantize.c.obj,1822
teem-1.6.0-src,quat.c.obj,7345
teem-1.6.0-src,rangeBane.c.obj,805
teem-1.6.0-src,range.c.obj,588
teem-1.6.0-src,ray.c.obj,2583
teem-1.6.0-src,rays.c.obj,2403
teem-1.6.0-src,read.c.obj,3015
teem-1.6.0-src,renderEcho.c.obj,4249
teem-1.6.0-src,renderLimn.c.obj,3374
teem-1.6.0-src,renderMite.c.obj,1180
teem-1.6.0-src,reorder.c.obj,9664
teem-1.6.0-src,resample.c.obj,3592
teem-1.6.0-src,resampleNrrd.c.obj,6161
teem-1.6.0-src,reshape.c.obj,1157
teem-1.6.0-src,rmap.c.obj,2717
teem-1.6.0-src,sampler.c.obj,2112
teem-1.6.0-src,sane.c.obj,3121
teem-1.6.0-src,save.c.obj,3177
teem-1.6.0-src,scat.c.obj,814
teem-1.6.0-src,sclanswer.c.obj,4345
teem-1.6.0-src,scl.c.obj,0
teem-1.6.0-src,sclfilter.c.obj,6607
teem-1.6.0-src,sclprint.c.obj,987
teem-1.6.0-src,set.c.obj,518
teem-1.6.0-src,shape.c.obj,2762
teem-1.6.0-src,shapes.c.obj,3594
teem-1.6.0-src,shuffle.c.obj,1858
teem-1.6.0-src,sigma.c.obj,208
teem-1.6.0-src,simple.c.obj,4901
teem-1.6.0-src,slice.c.obj,1466
teem-1.6.0-src,soid.c.obj,3641
teem-1.6.0-src,sort3.c.obj,606
teem-1.6.0-src,splice.c.obj,1617
teem-1.6.0-src,splineEval.c.obj,3797
teem-1.6.0-src,splineMethods.c.obj,4853
teem-1.6.0-src,splineMisc.c.obj,2594
teem-1.6.0-src,sqd.c.obj,5249
teem-1.6.0-src,st.c.obj,3256
teem-1.6.0-src,string.c.obj,1194
teem-1.6.0-src,strings.c.obj,1206
teem-1.6.0-src,stub.c.obj,50
teem-1.6.0-src,subset.c.obj,2679
teem-1.6.0-src,superset.c.obj,5342
teem-1.6.0-src,swap.c.obj,1035
teem-1.6.0-src,tbc.c.obj,1862
teem-1.6.0-src,tblah.c.obj,1123
teem-1.6.0-src,tcamanim.c.obj,3582
teem-1.6.0-src,tcam.c.obj,1300
teem-1.6.0-src,tem.c.obj,1143
teem-1.6.0-src,tendAnhist.c.obj,1338
teem-1.6.0-src,tendAnplot.c.obj,1809
teem-1.6.0-src,tendAnscale.c.obj,1554
teem-1.6.0-src,tendAnvol.c.obj,1658
teem-1.6.0-src,tendBmat.c.obj,1465
teem-1.6.0-src,tendEllipse.c.obj,2694
teem-1.6.0-src,tendEpireg.c.obj,4843
teem-1.6.0-src,tendEstim.c.obj,4164
teem-1.6.0-src,tendEvaladd.c.obj,1120
teem-1.6.0-src,tendEvalclamp.c.obj,1438
teem-1.6.0-src,tendEval.c.obj,1875
teem-1.6.0-src,tendEvalpow.c.obj,1037
teem-1.6.0-src,tendEvec.c.obj,1906
teem-1.6.0-src,tendEvecrgb.c.obj,2123
teem-1.6.0-src,tendEvq.c.obj,2370
teem-1.6.0-src,tendExpand.c.obj,1617
teem-1.6.0-src,tendFiber.c.obj,2847
teem-1.6.0-src,tendFlotsam.c.obj,1501
teem-1.6.0-src,tendGlyph.c.obj,7467
teem-1.6.0-src,tendMake.c.obj,1098
teem-1.6.0-src,tendNorm.c.obj,1474
teem-1.6.0-src,tendPoint.c.obj,1746
teem-1.6.0-src,tendSatin.c.obj,4904
teem-1.6.0-src,tendShrink.c.obj,1080
teem-1.6.0-src,tendSim.c.obj,1538
teem-1.6.0-src,tendSlice.c.obj,1199
teem-1.6.0-src,tendSten.c.obj,1525
teem-1.6.0-src,tenGage.c.obj,2739
teem-1.6.0-src,tensor.c.obj,5544
teem-1.6.0-src,test.c.obj,291
teem-1.6.0-src,tg.c.obj,1710
teem-1.6.0-src,threadAir.c.obj,1087
teem-1.6.0-src,thread.c.obj,272
teem-1.6.0-src,tinfo.c.obj,615
teem-1.6.0-src,tkernel.c.obj,1757
teem-1.6.0-src,tline.c.obj,513
teem-1.6.0-src,tmfKernel.c.obj,73205
teem-1.6.0-src,tmop.c.obj,771
teem-1.6.0-src,tok.c.obj,352
teem-1.6.0-src,tps.c.obj,2534
teem-1.6.0-src,tq.c.obj,4275
teem-1.6.0-src,trand.c.obj,201
teem-1.6.0-src,transform.c.obj,1980
teem-1.6.0-src,tread.c.obj,316
teem-1.6.0-src,trend.c.obj,8285
teem-1.6.0-src,trex.c.obj,388
teem-1.6.0-src,trnsf.c.obj,4573
teem-1.6.0-src,tspline.c.obj,2271
teem-1.6.0-src,tspot.c.obj,1209
teem-1.6.0-src,tt.c.obj,1940
teem-1.6.0-src,txf.c.obj,3768
teem-1.6.0-src,typestest.c.obj,493
teem-1.6.0-src,unblock.c.obj,1337
teem-1.6.0-src,unquantize.c.obj,1318
teem-1.6.0-src,update.c.obj,4907
teem-1.6.0-src,usage.c.obj,3444
teem-1.6.0-src,user.c.obj,934
teem-1.6.0-src,valid.c.obj,2341
teem-1.6.0-src,vecEll.c.obj,792
teem-1.6.0-src,vecGage.c.obj,2593
teem-1.6.0-src,vecprint.c.obj,54
teem-1.6.0-src,winKernel.c.obj,10962
teem-1.6.0-src,write.c.obj,4517
teem-1.6.0-src,xform.c.obj,2426
mpeg2dec-0.3.1,alloc.c.obj,110
mpeg2dec-0.3.1,cpu_accel.c.obj,4
mpeg2dec-0.3.1,cpu_state.c.obj,2
mpeg2dec-0.3.1,decode.c.obj,2086
mpeg2dec-0.3.1,extract_mpeg2.c.obj,3277
mpeg2dec-0.3.1,getopt.c.obj,0
mpeg2dec-0.3.1,gettimeofday.c.obj,0
mpeg2dec-0.3.1,header.c.obj,3646
mpeg2dec-0.3.1,idct_alpha.c.obj,0
mpeg2dec-0.3.1,idct_altivec.c.obj,0
mpeg2dec-0.3.1,idct.c.obj,1550
mpeg2dec-0.3.1,idct_mlib.c.obj,0
mpeg2dec-0.3.1,idct_mmx.c.obj,0
mpeg2dec-0.3.1,motion_comp_alpha.c.obj,0
mpeg2dec-0.3.1,motion_comp_altivec.c.obj,0
mpeg2dec-0.3.1,motion_comp.c.obj,5724
mpeg2dec-0.3.1,motion_comp_mlib.c.obj,0
mpeg2dec-0.3.1,motion_comp_mmx.c.obj,0
mpeg2dec-0.3.1,mpeg2dec.c.obj,4547
mpeg2dec-0.3.1,slice.c.obj,16578
mpeg2dec-0.3.1,video_out.c.obj,102
mpeg2dec-0.3.1,video_out_dx.c.obj,0
mpeg2dec-0.3.1,video_out_null.c.obj,212
mpeg2dec-0.3.1,video_out_pgm.c.obj,569
mpeg2dec-0.3.1,video_out_sdl.c.obj,785
mpeg2dec-0.3.1,video_out_x11.c.obj,0
mpeg2dec-0.3.1,yuv2rgb.c.obj,4922
mpeg2dec-0.3.1,yuv2rgb_mlib.c.obj,0
mpeg2dec-0.3.1,yuv2rgb_mmx.c.obj,0
ttt-0.10.1.preproc,connect4.o,7569
ttt-0.10.1.preproc,engine.o,3992
ttt-0.10.1.preproc,main.o,1907
ttt-0.10.1.preproc,parse.o,2646
ttt-0.10.1.preproc,ttt.o,10373
ttt-0.10.1.preproc,util.o,2501
replaypc-0.4.0.preproc,addressbook.o,1183
replaypc-0.4.0.preproc,bigfile.o,681
replaypc-0.4.0.preproc,build-ndx.o,1000
replaypc-0.4.0.preproc,cg.o,3613
replaypc-0.4.0.preproc,channelset.o,385
replaypc-0.4.0.preproc,crypt.o,1496
replaypc-0.4.0.preproc,crypt-test.o,2398
replaypc-0.4.0.preproc,dump-addressbook.o,788
replaypc-0.4.0.preproc,dump-cg2.o,734
replaypc-0.4.0.preproc,dump-channelset.o,624
replaypc-0.4.0.preproc,dump-filedarray.o,824
replaypc-0.4.0.preproc,dump-guide.o,973
replaypc-0.4.0.preproc,dump-headend.o,597
replaypc-0.4.0.preproc,dump.o,2649
replaypc-0.4.0.preproc,dump-programset.o,1005
replaypc-0.4.0.preproc,dump-replaychannels.o,531
replaypc-0.4.0.preproc,dump-replayshows.o,526
replaypc-0.4.0.preproc,dump-zipcode2.o,526
replaypc-0.4.0.preproc,filedarray.o,434
replaypc-0.4.0.preproc,find-GOPs.o,518
replaypc-0.4.0.preproc,guideclient.o,1230
replaypc-0.4.0.preproc,guide.o,10278
replaypc-0.4.0.preproc,headend.o,1386
replaypc-0.4.0.preproc,httpclient.o,4659
replaypc-0.4.0.preproc,httpfsclient.o,3904
replaypc-0.4.0.preproc,httpfs.o,9409
replaypc-0.4.0.preproc,mark-commercial.o,2768
replaypc-0.4.0.preproc,ndx-dump.o,5679
replaypc-0.4.0.preproc,ndx.o,913
replaypc-0.4.0.preproc,program.o,2993
replaypc-0.4.0.preproc,rddnsclient.o,1870
replaypc-0.4.0.preproc,rddns.o,948
replaypc-0.4.0.preproc,ReplayPC.o,6092
replaypc-0.4.0.preproc,rtvguide.o,2019
replaypc-0.4.0.preproc,rtv.o,1810
replaypc-0.4.0.preproc,sleep.o,90
replaypc-0.4.0.preproc,un-protect.o,1654
replaypc-0.4.0.preproc,version-test.o,279
replaypc-0.4.0.preproc,zipcode.o,611
