Compiler version,riscv32-unknown-elf-gcc (GCC) 9.2.0
Compiler flags,-Os -msave-restore -march=rv32imafdc

Date,2020-06-16

zlib-1.1.4,adler32.c.obj,224
zlib-1.1.4,compress.c.obj,152
zlib-1.1.4,crc32.c.obj,1336
zlib-1.1.4,deflate.c.obj,4737
zlib-1.1.4,example.c.obj,4340
zlib-1.1.4,gzio.c.obj,3271
zlib-1.1.4,infblock.c.obj,2132
zlib-1.1.4,infcodes.c.obj,1338
zlib-1.1.4,inffast.c.obj,874
zlib-1.1.4,inflate.c.obj,1563
zlib-1.1.4,inftrees.c.obj,2012
zlib-1.1.4,infutil.c.obj,222
zlib-1.1.4,minigzip.c.obj,1305
zlib-1.1.4,trees.c.obj,8558
zlib-1.1.4,uncompr.c.obj,122
zlib-1.1.4,zutil.c.obj,221
libpng-1.2.5,png2pnm.c.obj,2656
libpng-1.2.5,png.c.obj,2728
libpng-1.2.5,pngerror.c.obj,940
libpng-1.2.5,pngget.c.obj,1924
libpng-1.2.5,pngmem.c.obj,597
libpng-1.2.5,pngpread.c.obj,5819
libpng-1.2.5,pngread.c.obj,6688
libpng-1.2.5,pngrio.c.obj,344
libpng-1.2.5,pngrtran.c.obj,16700
libpng-1.2.5,pngrutil.c.obj,14865
libpng-1.2.5,pngset.c.obj,5420
libpng-1.2.5,pngtest.c.obj,6407
libpng-1.2.5,pngtrans.c.obj,1226
libpng-1.2.5,pngwio.c.obj,407
libpng-1.2.5,pngwrite.c.obj,6088
libpng-1.2.5,pngwtran.c.obj,1668
libpng-1.2.5,pngwutil.c.obj,12142
libpng-1.2.5,pnm2png.c.obj,2916
mpgcut-1.1,mpgcut.c.obj,8212
jikespg-1.3,ctabs.c.obj,47855
jikespg-1.3,globals.c.obj,48
jikespg-1.3,lpgparse.c.obj,46091
jikespg-1.3,lpgutil.c.obj,4469
jikespg-1.3,main.c.obj,6212
jikespg-1.3,mkfirst.c.obj,13741
jikespg-1.3,mkred.c.obj,5927
jikespg-1.3,mkstates.c.obj,2689
jikespg-1.3,partset.c.obj,1449
jikespg-1.3,prntstat.c.obj,3051
jikespg-1.3,produce.c.obj,9996
jikespg-1.3,ptables.c.obj,3034
jikespg-1.3,remsp.c.obj,7155
jikespg-1.3,resolve.c.obj,10952
jikespg-1.3,spacetab.c.obj,18805
jikespg-1.3,tabutil.c.obj,13048
jikespg-1.3,timetab.c.obj,9202
bzip2-1.0.2,blocksort.c.obj,5330
bzip2-1.0.2,bzip2.c.obj,17605
bzip2-1.0.2,bzip2recover.c.obj,3492
bzip2-1.0.2,bzlib.c.obj,9386
bzip2-1.0.2,compress.c.obj,7972
bzip2-1.0.2,crctable.c.obj,0
bzip2-1.0.2,decompress.c.obj,8219
bzip2-1.0.2,huffman.c.obj,1046
bzip2-1.0.2,randtable.c.obj,0
unrarlib-0.4.0,getfile.c.obj,828
unrarlib-0.4.0,listarchive.c.obj,1082
unrarlib-0.4.0,unrarlib.c.obj,11418
cg_compiler_opensrc,atom.c.obj,3376
cg_compiler_opensrc,binding.c.obj,1477
cg_compiler_opensrc,cgcmain.c.obj,2269
cg_compiler_opensrc,cgstruct.c.obj,118
cg_compiler_opensrc,check.c.obj,3181
cg_compiler_opensrc,compile.c.obj,12560
cg_compiler_opensrc,constfold.c.obj,2838
cg_compiler_opensrc,cpp.c.obj,6013
cg_compiler_opensrc,generic_hal.c.obj,1639
cg_compiler_opensrc,hal.c.obj,2486
cg_compiler_opensrc,inline.c.obj,2700
cg_compiler_opensrc,memory.c.obj,478
cg_compiler_opensrc,parser.c.obj,15606
cg_compiler_opensrc,printutils.c.obj,10888
cg_compiler_opensrc,scanner.c.obj,5674
cg_compiler_opensrc,semantic.c.obj,4210
cg_compiler_opensrc,stdlib.c.obj,10
cg_compiler_opensrc,support.c.obj,22323
cg_compiler_opensrc,support_iter.c.obj,1843
cg_compiler_opensrc,symbols.c.obj,6543
cg_compiler_opensrc,tokenize.c.obj,722
cg_compiler_opensrc,tokens.c.obj,2966
flex-2.5.31,buf.c.obj,1064
flex-2.5.31,ccl.c.obj,794
flex-2.5.31,dfa.c.obj,6444
flex-2.5.31,ecs.c.obj,462
flex-2.5.31,filter.c.obj,2261
flex-2.5.31,gen.c.obj,24314
flex-2.5.31,libmain.c.obj,26
flex-2.5.31,libyywrap.c.obj,4
flex-2.5.31,main.c.obj,17765
flex-2.5.31,misc.c.obj,5763
flex-2.5.31,nfa.c.obj,3699
flex-2.5.31,options.c.obj,1387
flex-2.5.31,parse.c.obj,9460
flex-2.5.31,regex.c.obj,577
flex-2.5.31,scan.c.obj,41649
flex-2.5.31,scanopt.c.obj,2823
flex-2.5.31,skel.c.obj,82419
flex-2.5.31,sym.c.obj,964
flex-2.5.31,tables.c.obj,1982
flex-2.5.31,tables_shared.c.obj,26
flex-2.5.31,tblcmp.c.obj,3212
flex-2.5.31,yylex.c.obj,891
compiler,cg.c.obj,2774
compiler,main.c.obj,2546
compiler,parser.c.obj,4548
compiler,scanner.c.obj,3247
compiler,vam.c.obj,4308
compiler,vas.c.obj,5980
lwip-0.5.3.preproc,api_lib.o,5147
lwip-0.5.3.preproc,api_msg.o,4332
lwip-0.5.3.preproc,arp.o,2424
lwip-0.5.3.preproc,err.o,0
lwip-0.5.3.preproc,fs.o,40271
lwip-0.5.3.preproc,httpd.o,1614
lwip-0.5.3.preproc,icmp.o,1693
lwip-0.5.3.preproc,inet.o,946
lwip-0.5.3.preproc,ip_addr.o,0
lwip-0.5.3.preproc,ip.o,2968
lwip-0.5.3.preproc,loopif.o,313
lwip-0.5.3.preproc,mem.o,2133
lwip-0.5.3.preproc,memp.o,2054
lwip-0.5.3.preproc,netif.o,798
lwip-0.5.3.preproc,pbuf.o,3367
lwip-0.5.3.preproc,shell.o,12497
lwip-0.5.3.preproc,simhost.o,722
lwip-0.5.3.preproc,simnode.o,659
lwip-0.5.3.preproc,simrouter.o,844
lwip-0.5.3.preproc,sockets.o,2686
lwip-0.5.3.preproc,stats.o,78
lwip-0.5.3.preproc,sys.o,1044
lwip-0.5.3.preproc,tcpdump.o,1993
lwip-0.5.3.preproc,tcpecho.o,332
lwip-0.5.3.preproc,tcp_input.o,10939
lwip-0.5.3.preproc,tcpip.o,706
lwip-0.5.3.preproc,tcp.o,6733
lwip-0.5.3.preproc,tcp_output.o,5832
lwip-0.5.3.preproc,udpecho.o,394
lwip-0.5.3.preproc,udp.o,2607
OpenTCP-1.0.4,arp.c.obj,2458
OpenTCP-1.0.4,bootp.c.obj,1494
OpenTCP-1.0.4,dhcpc.c.obj,2588
OpenTCP-1.0.4,dns.c.obj,1434
OpenTCP-1.0.4,ethernet.c.obj,2232
OpenTCP-1.0.4,https_callbacks.c.obj,642
OpenTCP-1.0.4,http_server.c.obj,1392
OpenTCP-1.0.4,icmp.c.obj,396
OpenTCP-1.0.4,ip.c.obj,2112
OpenTCP-1.0.4,main_demo.c.obj,322
OpenTCP-1.0.4,pop3c_callbacks.c.obj,18
OpenTCP-1.0.4,pop3_client.c.obj,3853
OpenTCP-1.0.4,smtpc_callbacks.c.obj,22
OpenTCP-1.0.4,smtp_client.c.obj,2436
OpenTCP-1.0.4,system.c.obj,938
OpenTCP-1.0.4,tcp_client_demo.c.obj,386
OpenTCP-1.0.4,tcp.c.obj,5322
OpenTCP-1.0.4,tcp_server_demo.c.obj,352
OpenTCP-1.0.4,tftps.c.obj,896
OpenTCP-1.0.4,timers.c.obj,228
OpenTCP-1.0.4,udp.c.obj,1458
OpenTCP-1.0.4,udp_demo.c.obj,272
teem-1.6.0-src,1op.c.obj,1828
teem-1.6.0-src,2op.c.obj,2346
teem-1.6.0-src,3op.c.obj,2477
teem-1.6.0-src,754.c.obj,1721
teem-1.6.0-src,about.c.obj,2879
teem-1.6.0-src,accessors.c.obj,5312
teem-1.6.0-src,aniso.c.obj,2816
teem-1.6.0-src,apply1D.c.obj,7079
teem-1.6.0-src,arith.c.obj,5525
teem-1.6.0-src,array.c.obj,512
teem-1.6.0-src,arraysNrrd.c.obj,0
teem-1.6.0-src,ax.c.obj,2649
teem-1.6.0-src,axdelete.c.obj,1565
teem-1.6.0-src,axinfo.c.obj,1548
teem-1.6.0-src,axinsert.c.obj,1265
teem-1.6.0-src,axis.c.obj,2342
teem-1.6.0-src,axmerge.c.obj,1483
teem-1.6.0-src,axsplit.c.obj,1273
teem-1.6.0-src,bday.c.obj,1053
teem-1.6.0-src,biff.c.obj,2763
teem-1.6.0-src,bimod.c.obj,4667
teem-1.6.0-src,block.c.obj,1247
teem-1.6.0-src,bounds.c.obj,2813
teem-1.6.0-src,bow.c.obj,629
teem-1.6.0-src,cam.c.obj,3161
teem-1.6.0-src,ccadj.c.obj,1305
teem-1.6.0-src,cc.c.obj,9291
teem-1.6.0-src,ccfind.c.obj,1902
teem-1.6.0-src,ccmerge.c.obj,2832
teem-1.6.0-src,ccmethods.c.obj,1249
teem-1.6.0-src,ccsettle.c.obj,1214
teem-1.6.0-src,chan.c.obj,7506
teem-1.6.0-src,clip.c.obj,750
teem-1.6.0-src,cmedian.c.obj,2709
teem-1.6.0-src,color.c.obj,4701
teem-1.6.0-src,comment.c.obj,461
teem-1.6.0-src,conv.c.obj,463
teem-1.6.0-src,convert.c.obj,1288
teem-1.6.0-src,convertDye.c.obj,2699
teem-1.6.0-src,convertNrrd.c.obj,3034
teem-1.6.0-src,convo.c.obj,1854
teem-1.6.0-src,coreAlan.c.obj,3525
teem-1.6.0-src,crop.c.obj,1534
teem-1.6.0-src,ctx.c.obj,4522
teem-1.6.0-src,cubicEll.c.obj,976
teem-1.6.0-src,data.c.obj,1419
teem-1.6.0-src,defaultsBane.c.obj,5
teem-1.6.0-src,defaultsGage.c.obj,5
teem-1.6.0-src,defaultsHest.c.obj,0
teem-1.6.0-src,defaultsHoover.c.obj,7
teem-1.6.0-src,defaultsLimn.c.obj,5
teem-1.6.0-src,defaultsMite.c.obj,5
teem-1.6.0-src,defaultsMoss.c.obj,5
teem-1.6.0-src,defaultsNrrd.c.obj,738
teem-1.6.0-src,defaultsTen.c.obj,16
teem-1.6.0-src,dehex.c.obj,904
teem-1.6.0-src,dhisto.c.obj,1474
teem-1.6.0-src,dice.c.obj,1954
teem-1.6.0-src,dio.c.obj,1860
teem-1.6.0-src,doubleprint.c.obj,661
teem-1.6.0-src,eigen.c.obj,2076
teem-1.6.0-src,encodingAscii.c.obj,1553
teem-1.6.0-src,encodingBzip2.c.obj,553
teem-1.6.0-src,encoding.c.obj,639
teem-1.6.0-src,encodingGzip.c.obj,620
teem-1.6.0-src,encodingHex.c.obj,1575
teem-1.6.0-src,encodingRaw.c.obj,2095
teem-1.6.0-src,endianAir.c.obj,4
teem-1.6.0-src,endianNrrd.c.obj,477
teem-1.6.0-src,enhex.c.obj,817
teem-1.6.0-src,enum.c.obj,770
teem-1.6.0-src,enumsAlan.c.obj,0
teem-1.6.0-src,enumsEcho.c.obj,0
teem-1.6.0-src,enumsNrrd.c.obj,0
teem-1.6.0-src,enumsTen.c.obj,0
teem-1.6.0-src,env.c.obj,1078
teem-1.6.0-src,epireg.c.obj,12211
teem-1.6.0-src,ex0.c.obj,496
teem-1.6.0-src,ex1.c.obj,1324
teem-1.6.0-src,ex2.c.obj,1066
teem-1.6.0-src,ex3.c.obj,1724
teem-1.6.0-src,ex4.c.obj,1169
teem-1.6.0-src,ex5.c.obj,890
teem-1.6.0-src,fiber.c.obj,2838
teem-1.6.0-src,fiberMethods.c.obj,2841
teem-1.6.0-src,filt.c.obj,4330
teem-1.6.0-src,filter.c.obj,2712
teem-1.6.0-src,flip.c.obj,955
teem-1.6.0-src,floatprint.c.obj,663
teem-1.6.0-src,flotsam.c.obj,2757
teem-1.6.0-src,format.c.obj,673
teem-1.6.0-src,formatEPS.c.obj,2485
teem-1.6.0-src,formatNRRD.c.obj,3977
teem-1.6.0-src,formatPNG.c.obj,763
teem-1.6.0-src,formatPNM.c.obj,3067
teem-1.6.0-src,formatText.c.obj,2813
teem-1.6.0-src,formatVTK.c.obj,5711
teem-1.6.0-src,fp.c.obj,1814
teem-1.6.0-src,gamma.c.obj,1486
teem-1.6.0-src,genmat.c.obj,2768
teem-1.6.0-src,genvol.c.obj,1599
teem-1.6.0-src,gkmsFlotsam.c.obj,2085
teem-1.6.0-src,gkmsHvol.c.obj,2928
teem-1.6.0-src,gkmsInfo.c.obj,1407
teem-1.6.0-src,gkmsMite.c.obj,1265
teem-1.6.0-src,gkmsOpac.c.obj,3322
teem-1.6.0-src,gkmsPvg.c.obj,2508
teem-1.6.0-src,gkmsScat.c.obj,1649
teem-1.6.0-src,gkmsTxf.c.obj,2867
teem-1.6.0-src,glyph.c.obj,4588
teem-1.6.0-src,gzio.c.obj,0
teem-1.6.0-src,head.c.obj,1536
teem-1.6.0-src,heq.c.obj,2243
teem-1.6.0-src,hestLimn.c.obj,1074
teem-1.6.0-src,hestMoss.c.obj,1145
teem-1.6.0-src,hestNrrd.c.obj,1155
teem-1.6.0-src,histax.c.obj,1491
teem-1.6.0-src,histo.c.obj,1667
teem-1.6.0-src,histogram.c.obj,5913
teem-1.6.0-src,hvol.c.obj,6176
teem-1.6.0-src,imap.c.obj,2658
teem-1.6.0-src,inc.c.obj,2483
teem-1.6.0-src,inset.c.obj,1505
teem-1.6.0-src,intx.c.obj,6541
teem-1.6.0-src,invert.c.obj,761
teem-1.6.0-src,io.c.obj,716
teem-1.6.0-src,iter.c.obj,659
teem-1.6.0-src,jhisto.c.obj,2699
teem-1.6.0-src,join.c.obj,1617
teem-1.6.0-src,kernel.c.obj,14386
teem-1.6.0-src,keyvalue.c.obj,829
teem-1.6.0-src,kv.c.obj,437
teem-1.6.0-src,light.c.obj,604
teem-1.6.0-src,lightEcho.c.obj,489
teem-1.6.0-src,list.c.obj,1170
teem-1.6.0-src,lut.c.obj,2211
teem-1.6.0-src,make.c.obj,6707
teem-1.6.0-src,map.c.obj,334
teem-1.6.0-src,mat.c.obj,8260
teem-1.6.0-src,matter.c.obj,306
teem-1.6.0-src,measr.c.obj,270
teem-1.6.0-src,measure.c.obj,7206
teem-1.6.0-src,methodsAlan.c.obj,2379
teem-1.6.0-src,methodsBane.c.obj,600
teem-1.6.0-src,methodsDye.c.obj,1182
teem-1.6.0-src,methodsEcho.c.obj,765
teem-1.6.0-src,methodsHest.c.obj,2430
teem-1.6.0-src,methodsHoover.c.obj,1615
teem-1.6.0-src,methodsLimn.c.obj,346
teem-1.6.0-src,methodsMoss.c.obj,1143
teem-1.6.0-src,methodsNrrd.c.obj,4413
teem-1.6.0-src,minmax.c.obj,1256
teem-1.6.0-src,miscAir.c.obj,3883
teem-1.6.0-src,miscEll.c.obj,1100
teem-1.6.0-src,miscGage.c.obj,648
teem-1.6.0-src,miscTen.c.obj,3357
teem-1.6.0-src,mod.c.obj,2697
teem-1.6.0-src,model.c.obj,770
teem-1.6.0-src,mop.c.obj,1125
teem-1.6.0-src,obj.c.obj,872
teem-1.6.0-src,objmethods.c.obj,1486
teem-1.6.0-src,opac.c.obj,578
teem-1.6.0-src,pad.c.obj,1912
teem-1.6.0-src,parseAir.c.obj,1653
teem-1.6.0-src,parseHest.c.obj,12675
teem-1.6.0-src,parseNrrd.c.obj,6326
teem-1.6.0-src,permute.c.obj,1147
teem-1.6.0-src,pos.c.obj,666
teem-1.6.0-src,print.c.obj,5919
teem-1.6.0-src,project.c.obj,2046
teem-1.6.0-src,pvl.c.obj,1597
teem-1.6.0-src,qn.c.obj,2101
teem-1.6.0-src,quadvol.c.obj,1521
teem-1.6.0-src,quantize.c.obj,1772
teem-1.6.0-src,quat.c.obj,7021
teem-1.6.0-src,rangeBane.c.obj,907
teem-1.6.0-src,range.c.obj,648
teem-1.6.0-src,ray.c.obj,2395
teem-1.6.0-src,rays.c.obj,2259
teem-1.6.0-src,read.c.obj,2893
teem-1.6.0-src,renderEcho.c.obj,3903
teem-1.6.0-src,renderLimn.c.obj,3102
teem-1.6.0-src,renderMite.c.obj,1168
teem-1.6.0-src,reorder.c.obj,9076
teem-1.6.0-src,resample.c.obj,3482
teem-1.6.0-src,resampleNrrd.c.obj,5753
teem-1.6.0-src,reshape.c.obj,1123
teem-1.6.0-src,rmap.c.obj,2651
teem-1.6.0-src,sampler.c.obj,1970
teem-1.6.0-src,sane.c.obj,3121
teem-1.6.0-src,save.c.obj,3109
teem-1.6.0-src,scat.c.obj,776
teem-1.6.0-src,sclanswer.c.obj,3713
teem-1.6.0-src,scl.c.obj,0
teem-1.6.0-src,sclfilter.c.obj,5047
teem-1.6.0-src,sclprint.c.obj,889
teem-1.6.0-src,set.c.obj,798
teem-1.6.0-src,shape.c.obj,2676
teem-1.6.0-src,shapes.c.obj,3332
teem-1.6.0-src,shuffle.c.obj,1816
teem-1.6.0-src,sigma.c.obj,212
teem-1.6.0-src,simple.c.obj,4771
teem-1.6.0-src,slice.c.obj,1416
teem-1.6.0-src,soid.c.obj,3519
teem-1.6.0-src,sort3.c.obj,582
teem-1.6.0-src,splice.c.obj,1563
teem-1.6.0-src,splineEval.c.obj,3819
teem-1.6.0-src,splineMethods.c.obj,4791
teem-1.6.0-src,splineMisc.c.obj,2542
teem-1.6.0-src,sqd.c.obj,4879
teem-1.6.0-src,st.c.obj,2838
teem-1.6.0-src,string.c.obj,1092
teem-1.6.0-src,strings.c.obj,1220
teem-1.6.0-src,stub.c.obj,50
teem-1.6.0-src,subset.c.obj,2509
teem-1.6.0-src,superset.c.obj,5160
teem-1.6.0-src,swap.c.obj,993
teem-1.6.0-src,tbc.c.obj,1796
teem-1.6.0-src,tblah.c.obj,1077
teem-1.6.0-src,tcamanim.c.obj,3374
teem-1.6.0-src,tcam.c.obj,1196
teem-1.6.0-src,tem.c.obj,1119
teem-1.6.0-src,tendAnhist.c.obj,1304
teem-1.6.0-src,tendAnplot.c.obj,1783
teem-1.6.0-src,tendAnscale.c.obj,1520
teem-1.6.0-src,tendAnvol.c.obj,1632
teem-1.6.0-src,tendBmat.c.obj,1455
teem-1.6.0-src,tendEllipse.c.obj,2496
teem-1.6.0-src,tendEpireg.c.obj,4661
teem-1.6.0-src,tendEstim.c.obj,4090
teem-1.6.0-src,tendEvaladd.c.obj,1102
teem-1.6.0-src,tendEvalclamp.c.obj,1396
teem-1.6.0-src,tendEval.c.obj,1825
teem-1.6.0-src,tendEvalpow.c.obj,1015
teem-1.6.0-src,tendEvec.c.obj,1830
teem-1.6.0-src,tendEvecrgb.c.obj,2057
teem-1.6.0-src,tendEvq.c.obj,2320
teem-1.6.0-src,tendExpand.c.obj,1579
teem-1.6.0-src,tendFiber.c.obj,2773
teem-1.6.0-src,tendFlotsam.c.obj,1363
teem-1.6.0-src,tendGlyph.c.obj,7099
teem-1.6.0-src,tendMake.c.obj,1084
teem-1.6.0-src,tendNorm.c.obj,1432
teem-1.6.0-src,tendPoint.c.obj,1696
teem-1.6.0-src,tendSatin.c.obj,4480
teem-1.6.0-src,tendShrink.c.obj,1054
teem-1.6.0-src,tendSim.c.obj,1496
teem-1.6.0-src,tendSlice.c.obj,1153
teem-1.6.0-src,tendSten.c.obj,1475
teem-1.6.0-src,tenGage.c.obj,2467
teem-1.6.0-src,tensor.c.obj,5229
teem-1.6.0-src,test.c.obj,291
teem-1.6.0-src,tg.c.obj,1704
teem-1.6.0-src,threadAir.c.obj,1187
teem-1.6.0-src,thread.c.obj,282
teem-1.6.0-src,tinfo.c.obj,605
teem-1.6.0-src,tkernel.c.obj,1711
teem-1.6.0-src,tline.c.obj,493
teem-1.6.0-src,tmfKernel.c.obj,72977
teem-1.6.0-src,tmop.c.obj,757
teem-1.6.0-src,tok.c.obj,346
teem-1.6.0-src,tps.c.obj,2650
teem-1.6.0-src,tq.c.obj,3759
teem-1.6.0-src,trand.c.obj,195
teem-1.6.0-src,transform.c.obj,1810
teem-1.6.0-src,tread.c.obj,322
teem-1.6.0-src,trend.c.obj,8441
teem-1.6.0-src,trex.c.obj,396
teem-1.6.0-src,trnsf.c.obj,4273
teem-1.6.0-src,tspline.c.obj,2175
teem-1.6.0-src,tspot.c.obj,1151
teem-1.6.0-src,tt.c.obj,1918
teem-1.6.0-src,txf.c.obj,3500
teem-1.6.0-src,typestest.c.obj,469
teem-1.6.0-src,unblock.c.obj,1291
teem-1.6.0-src,unquantize.c.obj,1268
teem-1.6.0-src,update.c.obj,4717
teem-1.6.0-src,usage.c.obj,3020
teem-1.6.0-src,user.c.obj,944
teem-1.6.0-src,valid.c.obj,2293
teem-1.6.0-src,vecEll.c.obj,640
teem-1.6.0-src,vecGage.c.obj,2269
teem-1.6.0-src,vecprint.c.obj,70
teem-1.6.0-src,winKernel.c.obj,11302
teem-1.6.0-src,write.c.obj,4393
teem-1.6.0-src,xform.c.obj,2512
mpeg2dec-0.3.1,alloc.c.obj,108
mpeg2dec-0.3.1,cpu_accel.c.obj,4
mpeg2dec-0.3.1,cpu_state.c.obj,2
mpeg2dec-0.3.1,decode.c.obj,1952
mpeg2dec-0.3.1,extract_mpeg2.c.obj,3157
mpeg2dec-0.3.1,getopt.c.obj,2714
mpeg2dec-0.3.1,gettimeofday.c.obj,0
mpeg2dec-0.3.1,header.c.obj,3494
mpeg2dec-0.3.1,idct_alpha.c.obj,0
mpeg2dec-0.3.1,idct_altivec.c.obj,0
mpeg2dec-0.3.1,idct.c.obj,1420
mpeg2dec-0.3.1,idct_mlib.c.obj,0
mpeg2dec-0.3.1,idct_mmx.c.obj,0
mpeg2dec-0.3.1,motion_comp_alpha.c.obj,0
mpeg2dec-0.3.1,motion_comp_altivec.c.obj,0
mpeg2dec-0.3.1,motion_comp.c.obj,4764
mpeg2dec-0.3.1,motion_comp_mlib.c.obj,0
mpeg2dec-0.3.1,motion_comp_mmx.c.obj,0
mpeg2dec-0.3.1,mpeg2dec.c.obj,4333
mpeg2dec-0.3.1,slice.c.obj,15922
mpeg2dec-0.3.1,video_out.c.obj,78
mpeg2dec-0.3.1,video_out_dx.c.obj,0
mpeg2dec-0.3.1,video_out_null.c.obj,284
mpeg2dec-0.3.1,video_out_pgm.c.obj,609
mpeg2dec-0.3.1,video_out_sdl.c.obj,805
mpeg2dec-0.3.1,video_out_x11.c.obj,0
mpeg2dec-0.3.1,yuv2rgb.c.obj,4880
mpeg2dec-0.3.1,yuv2rgb_mlib.c.obj,0
mpeg2dec-0.3.1,yuv2rgb_mmx.c.obj,0
ttt-0.10.1.preproc,connect4.o,7569
ttt-0.10.1.preproc,engine.o,3992
ttt-0.10.1.preproc,main.o,1907
ttt-0.10.1.preproc,parse.o,2646
ttt-0.10.1.preproc,ttt.o,10373
ttt-0.10.1.preproc,util.o,2501
replaypc-0.4.0.preproc,addressbook.o,1183
replaypc-0.4.0.preproc,bigfile.o,681
replaypc-0.4.0.preproc,build-ndx.o,1000
replaypc-0.4.0.preproc,cg.o,3613
replaypc-0.4.0.preproc,channelset.o,385
replaypc-0.4.0.preproc,crypt.o,1496
replaypc-0.4.0.preproc,crypt-test.o,2398
replaypc-0.4.0.preproc,dump-addressbook.o,788
replaypc-0.4.0.preproc,dump-cg2.o,734
replaypc-0.4.0.preproc,dump-channelset.o,624
replaypc-0.4.0.preproc,dump-filedarray.o,824
replaypc-0.4.0.preproc,dump-guide.o,973
replaypc-0.4.0.preproc,dump-headend.o,597
replaypc-0.4.0.preproc,dump.o,2649
replaypc-0.4.0.preproc,dump-programset.o,1005
replaypc-0.4.0.preproc,dump-replaychannels.o,531
replaypc-0.4.0.preproc,dump-replayshows.o,526
replaypc-0.4.0.preproc,dump-zipcode2.o,526
replaypc-0.4.0.preproc,filedarray.o,434
replaypc-0.4.0.preproc,find-GOPs.o,518
replaypc-0.4.0.preproc,guideclient.o,1230
replaypc-0.4.0.preproc,guide.o,10278
replaypc-0.4.0.preproc,headend.o,1386
replaypc-0.4.0.preproc,httpclient.o,4659
replaypc-0.4.0.preproc,httpfsclient.o,3904
replaypc-0.4.0.preproc,httpfs.o,9409
replaypc-0.4.0.preproc,mark-commercial.o,2768
replaypc-0.4.0.preproc,ndx-dump.o,5679
replaypc-0.4.0.preproc,ndx.o,913
replaypc-0.4.0.preproc,program.o,2993
replaypc-0.4.0.preproc,rddnsclient.o,1870
replaypc-0.4.0.preproc,rddns.o,948
replaypc-0.4.0.preproc,ReplayPC.o,6092
replaypc-0.4.0.preproc,rtvguide.o,2019
replaypc-0.4.0.preproc,rtv.o,1810
replaypc-0.4.0.preproc,sleep.o,90
replaypc-0.4.0.preproc,un-protect.o,1654
replaypc-0.4.0.preproc,version-test.o,279
replaypc-0.4.0.preproc,zipcode.o,611
